row.number,subject,trial,color,FID,AD,reward.level,shock.level
1,1,1,3,0,26,1,1
2,1,2,2,56,42,1,1
3,1,3,1,55,69,1,1
4,1,4,2,32,46,1,1
5,1,5,1,40,54,2,1
6,1,6,3,64,7,2,1
7,1,7,2,32,46,2,1
8,1,8,1,45,59,2,1
9,1,9,4,54,41,0,0
10,1,10,4,50,14,0,0
11,1,11,4,31,20,0,0
12,1,12,4,40,54,0,0
13,1,13,2,55,41,2,2
14,1,14,1,51,65,2,2
15,1,15,2,55,35,2,2
16,1,16,3,57,14,2,2
17,1,17,1,49,63,1,2
18,1,18,3,65,3,1,2
19,1,19,2,40,35,1,2
20,1,20,1,45,59,1,2
21,1,21,4,42,41,0,0
22,1,22,4,53,20,0,0
23,1,23,4,41,14,0,0
24,1,24,4,40,54,0,0
25,1,25,2,57,42,2,2
26,1,26,1,51,65,2,2
27,1,27,2,54,41,2,2
28,1,28,3,42,20,2,2
29,1,29,3,37,14,2,1
30,1,30,1,51,65,2,1
31,1,31,2,45,29,2,1
32,1,32,1,51,65,2,1
33,1,33,2,61,41,2,2
34,1,34,3,51,14,2,2
35,1,35,1,73,65,2,2
36,1,36,3,47,14,2,2
37,1,37,4,28,20,0,0
38,1,38,4,49,35,0,0
39,1,39,4,36,50,0,0
40,1,40,4,68,63,0,0
41,1,41,3,47,7,1,2
42,1,42,1,57,71,1,2
43,1,43,2,49,41,1,2
44,1,44,3,44,14,1,2
45,1,45,2,34,40,2,1
46,1,46,1,71,59,2,1
47,1,47,3,31,14,2,1
48,1,48,1,72,59,2,1
961,1,49,4,53,35,0,0
962,1,50,4,51,65,0,0
963,1,51,4,32,7,0,0
964,1,52,4,48,42,0,0
965,1,53,1,63,69,1,2
966,1,54,3,38,14,1,2
967,1,55,2,32,46,1,2
968,1,56,1,69,65,1,2
969,1,57,2,53,41,1,1
970,1,58,3,37,28,1,1
971,1,59,1,44,65,1,1
972,1,60,3,37,14,1,1
973,1,61,3,39,20,2,2
974,1,62,1,65,71,2,2
975,1,63,2,55,41,2,2
976,1,64,3,35,20,2,2
977,1,65,4,55,69,0,0
978,1,66,4,55,44,0,0
979,1,67,4,14,28,0,0
980,1,68,4,52,33,0,0
981,1,69,1,72,63,2,2
982,1,70,3,42,22,2,2
983,1,71,2,53,39,2,2
984,1,72,1,68,57,2,2
985,1,73,3,28,15,2,1
986,1,74,1,27,63,2,1
987,1,75,2,58,33,2,1
988,1,76,1,63,52,2,1
989,1,77,2,52,42,1,2
990,1,78,3,30,9,1,2
991,1,79,2,70,30,1,2
992,1,80,3,33,9,1,2
993,1,81,1,68,52,2,1
994,1,82,1,55,69,2,1
995,1,83,3,22,15,2,1
996,1,84,2,59,33,2,1
997,1,85,2,40,39,1,1
998,1,86,3,65,15,1,1
999,1,87,1,49,63,1,1
1000,1,88,2,57,39,1,1
1001,1,89,4,29,15,0,0
1002,1,90,4,63,57,0,0
1003,1,91,4,69,57,0,0
1004,1,92,4,16,22,0,0
1005,1,93,2,55,39,1,2
1006,1,94,2,59,39,1,2
1007,1,95,1,67,63,1,2
1008,1,96,3,39,22,1,2
49,2,1,3,68,26,1,1
50,2,2,2,53,42,1,1
51,2,3,1,48,69,1,1
52,2,4,2,57,46,1,1
53,2,5,1,65,54,2,1
54,2,6,3,38,7,2,1
55,2,7,2,0,46,2,1
56,2,8,1,67,59,2,1
57,2,9,4,62,41,0,0
58,2,10,4,33,14,0,0
59,2,11,4,29,20,0,0
60,2,12,4,65,54,0,0
61,2,13,2,57,41,2,2
62,2,14,1,69,65,2,2
63,2,15,2,53,35,2,2
64,2,16,3,42,14,2,2
65,2,17,1,49,63,1,2
66,2,18,3,77,3,1,2
67,2,19,2,50,35,1,2
68,2,20,1,73,59,1,2
69,2,21,4,47,41,0,0
70,2,22,4,40,20,0,0
71,2,23,4,44,14,0,0
72,2,24,4,70,54,0,0
73,2,25,2,54,42,2,2
74,2,26,1,66,65,2,2
75,2,27,2,55,41,2,2
76,2,28,3,46,20,2,2
77,2,29,3,32,14,2,1
78,2,30,1,70,65,2,1
79,2,31,2,51,29,2,1
80,2,32,1,70,65,2,1
81,2,33,2,54,41,2,2
82,2,34,3,36,14,2,2
83,2,35,1,71,65,2,2
84,2,36,3,37,14,2,2
85,2,37,4,25,20,0,0
86,2,38,4,54,35,0,0
87,2,39,4,29,50,0,0
88,2,40,4,73,63,0,0
89,2,41,3,43,7,1,2
90,2,42,1,72,71,1,2
91,2,43,2,49,41,1,2
92,2,44,3,42,14,1,2
93,2,45,2,50,40,2,1
94,2,46,1,72,59,2,1
95,2,47,3,31,14,2,1
96,2,48,1,71,59,2,1
1009,2,49,4,72,35,0,0
1010,2,50,4,71,65,0,0
1011,2,51,4,48,7,0,0
1012,2,52,4,28,42,0,0
1013,2,53,1,63,69,1,2
1014,2,54,3,44,14,1,2
1015,2,55,2,56,46,1,2
1016,2,56,1,71,65,1,2
1017,2,57,2,58,41,1,1
1018,2,58,3,34,28,1,1
1019,2,59,1,74,65,1,1
1020,2,60,3,36,14,1,1
1021,2,61,3,48,20,2,2
1022,2,62,1,65,71,2,2
1023,2,63,2,65,41,2,2
1024,2,64,3,52,20,2,2
1025,2,65,4,75,69,0,0
1026,2,66,4,59,44,0,0
1027,2,67,4,42,28,0,0
1028,2,68,4,57,33,0,0
1029,2,69,1,77,63,2,2
1030,2,70,3,44,22,2,2
1031,2,71,2,53,39,2,2
1032,2,72,1,75,57,2,2
1033,2,73,3,36,15,2,1
1034,2,74,1,71,63,2,1
1035,2,75,2,55,33,2,1
1036,2,76,1,74,52,2,1
1037,2,77,2,55,42,1,2
1038,2,78,3,67,9,1,2
1039,2,79,2,49,30,1,2
1040,2,80,3,41,9,1,2
1041,2,81,1,75,52,2,1
1042,2,82,1,63,69,2,1
1043,2,83,3,38,15,2,1
1044,2,84,2,53,33,2,1
1045,2,85,2,48,39,1,1
1046,2,86,3,39,15,1,1
1047,2,87,1,73,63,1,1
1048,2,88,2,54,39,1,1
1049,2,89,4,71,15,0,0
1050,2,90,4,71,57,0,0
1051,2,91,4,66,57,0,0
1052,2,92,4,34,22,0,0
1053,2,93,2,58,39,1,2
1054,2,94,2,50,39,1,2
1055,2,95,1,73,63,1,2
1056,2,96,3,37,22,1,2
97,3,1,3,47,26,1,1
98,3,2,2,36,42,1,1
99,3,3,1,55,69,1,1
100,3,4,2,2,46,1,1
101,3,5,1,76,54,2,1
102,3,6,3,41,7,2,1
103,3,7,2,59,46,2,1
104,3,8,1,64,59,2,1
105,3,9,4,55,41,0,0
106,3,10,4,29,14,0,0
107,3,11,4,25,20,0,0
108,3,12,4,70,54,0,0
109,3,13,2,63,41,2,2
110,3,14,1,29,65,2,2
111,3,15,2,53,35,2,2
112,3,16,3,39,14,2,2
113,3,17,1,64,63,1,2
114,3,18,3,40,3,1,2
115,3,19,2,45,35,1,2
116,3,20,1,66,59,1,2
117,3,21,4,46,41,0,0
118,3,22,4,21,20,0,0
119,3,23,4,26,14,0,0
120,3,24,4,63,54,0,0
121,3,25,2,53,42,2,2
122,3,26,1,66,65,2,2
123,3,27,2,49,41,2,2
124,3,28,3,37,20,2,2
125,3,29,3,27,14,2,1
126,3,30,1,70,65,2,1
127,3,31,2,48,29,2,1
128,3,32,1,66,65,2,1
129,3,33,2,35,41,2,2
130,3,34,3,34,14,2,2
131,3,35,1,51,65,2,2
132,3,36,3,32,14,2,2
133,3,37,4,26,20,0,0
134,3,38,4,50,35,0,0
135,3,39,4,0,50,0,0
136,3,40,4,71,63,0,0
137,3,41,3,35,7,1,2
138,3,42,1,57,71,1,2
139,3,43,2,53,41,1,2
140,3,44,3,32,14,1,2
141,3,45,2,47,40,2,1
142,3,46,1,72,59,2,1
143,3,47,3,25,14,2,1
144,3,48,1,69,59,2,1
1057,3,49,4,21,35,0,0
1058,3,50,4,36,65,0,0
1059,3,51,4,20,7,0,0
1060,3,52,4,48,42,0,0
1061,3,53,1,63,69,1,2
1062,3,54,3,33,14,1,2
1063,3,55,2,40,46,1,2
1064,3,56,1,74,65,1,2
1065,3,57,2,48,41,1,1
1066,3,58,3,14,28,1,1
1067,3,59,1,73,65,1,1
1068,3,60,3,27,14,1,1
1069,3,61,3,35,20,2,2
1070,3,62,1,72,71,2,2
1071,3,63,2,51,41,2,2
1072,3,64,3,39,20,2,2
1073,3,65,4,74,69,0,0
1074,3,66,4,52,44,0,0
1075,3,67,4,22,28,0,0
1076,3,68,4,49,33,0,0
1077,3,69,1,72,63,2,2
1078,3,70,3,35,22,2,2
1079,3,71,2,48,39,2,2
1080,3,72,1,72,57,2,2
1081,3,73,3,30,15,2,1
1082,3,74,1,71,63,2,1
1083,3,75,2,48,33,2,1
1084,3,76,1,68,52,2,1
1085,3,77,2,46,42,1,2
1086,3,78,3,40,9,1,2
1087,3,79,2,48,30,1,2
1088,3,80,3,39,9,1,2
1089,3,81,1,68,52,2,1
1090,3,82,1,55,69,2,1
1091,3,83,3,30,15,2,1
1092,3,84,2,44,33,2,1
1093,3,85,2,43,39,1,1
1094,3,86,3,24,15,1,1
1095,3,87,1,69,63,1,1
1096,3,88,2,43,39,1,1
1097,3,89,4,30,15,0,0
1098,3,90,4,67,57,0,0
1099,3,91,4,68,57,0,0
1100,3,92,4,28,22,0,0
1101,3,93,2,46,39,1,2
1102,3,94,2,44,39,1,2
1103,3,95,1,69,63,1,2
1104,3,96,3,36,22,1,2
145,4,1,3,49,26,1,1
146,4,2,2,36,42,1,1
147,4,3,1,55,69,1,1
148,4,4,2,40,46,1,1
149,4,5,1,48,54,2,1
150,4,6,3,45,7,2,1
151,4,7,2,69,46,2,1
152,4,8,1,70,59,2,1
153,4,9,4,35,41,0,0
154,4,10,4,32,14,0,0
155,4,11,4,32,20,0,0
156,4,12,4,70,54,0,0
157,4,13,2,64,41,2,2
158,4,14,1,69,65,2,2
159,4,15,2,48,35,2,2
160,4,16,3,36,14,2,2
161,4,17,1,71,63,1,2
162,4,18,3,41,3,1,2
163,4,19,2,55,35,1,2
164,4,20,1,68,59,1,2
165,4,21,4,27,41,0,0
166,4,22,4,26,20,0,0
167,4,23,4,30,14,0,0
168,4,24,4,73,54,0,0
169,4,25,2,54,42,2,2
170,4,26,1,70,65,2,2
171,4,27,2,61,41,2,2
172,4,28,3,34,20,2,2
173,4,29,3,32,14,2,1
174,4,30,1,0,65,2,1
175,4,31,2,64,29,2,1
176,4,32,1,73,65,2,1
177,4,33,2,57,41,2,2
178,4,34,3,37,14,2,2
179,4,35,1,71,65,2,2
180,4,36,3,37,14,2,2
181,4,37,4,27,20,0,0
182,4,38,4,57,35,0,0
183,4,39,4,14,50,0,0
184,4,40,4,70,63,0,0
185,4,41,3,43,7,1,2
186,4,42,1,0,71,1,2
187,4,43,2,52,41,1,2
188,4,44,3,38,14,1,2
189,4,45,2,50,40,2,1
190,4,46,1,75,59,2,1
191,4,47,3,31,14,2,1
192,4,48,1,72,59,2,1
1105,4,49,4,0,35,0,0
1106,4,50,4,51,65,0,0
1107,4,51,4,25,7,0,0
1108,4,52,4,28,42,0,0
1109,4,53,1,70,69,1,2
1110,4,54,3,34,14,1,2
1111,4,55,2,54,46,1,2
1112,4,56,1,74,65,1,2
1113,4,57,2,57,41,1,1
1114,4,58,3,22,28,1,1
1115,4,59,1,72,65,1,1
1116,4,60,3,33,14,1,1
1117,4,61,3,41,20,2,2
1118,4,62,1,72,71,2,2
1119,4,63,2,59,41,2,2
1120,4,64,3,37,20,2,2
1121,4,65,4,63,69,0,0
1122,4,66,4,54,44,0,0
1123,4,67,4,0,28,0,0
1124,4,68,4,56,33,0,0
1125,4,69,1,75,63,2,2
1126,4,70,3,40,22,2,2
1127,4,71,2,54,39,2,2
1128,4,72,1,72,57,2,2
1129,4,73,3,28,15,2,1
1130,4,74,1,70,63,2,1
1131,4,75,2,55,33,2,1
1132,4,76,1,71,52,2,1
1133,4,77,2,53,42,1,2
1134,4,78,3,31,9,1,2
1135,4,79,2,54,30,1,2
1136,4,80,3,41,9,1,2
1137,4,81,1,69,52,2,1
1138,4,82,1,55,69,2,1
1139,4,83,3,26,15,2,1
1140,4,84,2,52,33,2,1
1141,4,85,2,48,39,1,1
1142,4,86,3,30,15,1,1
1143,4,87,1,64,63,1,1
1144,4,88,2,50,39,1,1
1145,4,89,4,25,15,0,0
1146,4,90,4,68,57,0,0
1147,4,91,4,68,57,0,0
1148,4,92,4,23,22,0,0
1149,4,93,2,55,39,1,2
1150,4,94,2,60,39,1,2
1151,4,95,1,69,63,1,2
1152,4,96,3,38,22,1,2
193,5,1,3,55,26,1,1
194,5,2,2,67,42,1,1
195,5,3,1,0,69,1,1
196,5,4,2,0,46,1,1
197,5,5,1,72,54,2,1
198,5,6,3,48,7,2,1
199,5,7,2,52,46,2,1
200,5,8,1,65,59,2,1
201,5,9,4,0,41,0,0
202,5,10,4,0,14,0,0
203,5,11,4,0,20,0,0
204,5,12,4,18,54,0,0
205,5,13,2,51,41,2,2
206,5,14,1,51,65,2,2
207,5,15,2,53,35,2,2
208,5,16,3,38,14,2,2
209,5,17,1,67,63,1,2
210,5,18,3,38,3,1,2
211,5,19,2,51,35,1,2
212,5,20,1,69,59,1,2
213,5,21,4,0,41,0,0
214,5,22,4,21,20,0,0
215,5,23,4,27,14,0,0
216,5,24,4,67,54,0,0
217,5,25,2,50,42,2,2
218,5,26,1,0,65,2,2
219,5,27,2,50,41,2,2
220,5,28,3,38,20,2,2
221,5,29,3,29,14,2,1
222,5,30,1,66,65,2,1
223,5,31,2,51,29,2,1
224,5,32,1,21,65,2,1
225,5,33,2,51,41,2,2
226,5,34,3,40,14,2,2
227,5,35,1,44,65,2,2
228,5,36,3,39,14,2,2
229,5,37,4,21,20,0,0
230,5,38,4,21,35,0,0
231,5,39,4,0,50,0,0
232,5,40,4,69,63,0,0
233,5,41,3,34,7,1,2
234,5,42,1,0,71,1,2
235,5,43,2,57,41,1,2
236,5,44,3,31,14,1,2
237,5,45,2,51,40,2,1
238,5,46,1,71,59,2,1
239,5,47,3,24,14,2,1
240,5,48,1,67,59,2,1
1153,5,49,4,0,35,0,0
1154,5,50,4,0,65,0,0
1155,5,51,4,0,7,0,0
1156,5,52,4,43,42,0,0
1157,5,53,1,73,69,1,2
1158,5,54,3,23,14,1,2
1159,5,55,2,52,46,1,2
1160,5,56,1,76,65,1,2
1161,5,57,2,50,41,1,1
1162,5,58,3,0,28,1,1
1163,5,59,1,78,65,1,1
1164,5,60,3,31,14,1,1
1165,5,61,3,41,20,2,2
1166,5,62,1,65,71,2,2
1167,5,63,2,51,41,2,2
1168,5,64,3,34,20,2,2
1169,5,65,4,18,69,0,0
1170,5,66,4,49,44,0,0
1171,5,67,4,32,28,0,0
1172,5,68,4,51,33,0,0
1173,5,69,1,74,63,2,2
1174,5,70,3,44,22,2,2
1175,5,71,2,57,39,2,2
1176,5,72,1,68,57,2,2
1177,5,73,3,38,15,2,1
1178,5,74,1,74,63,2,1
1179,5,75,2,47,33,2,1
1180,5,76,1,71,52,2,1
1181,5,77,2,48,42,1,2
1182,5,78,3,37,9,1,2
1183,5,79,2,45,30,1,2
1184,5,80,3,36,9,1,2
1185,5,81,1,71,52,2,1
1186,5,82,1,55,69,2,1
1187,5,83,3,33,15,2,1
1188,5,84,2,48,33,2,1
1189,5,85,2,50,39,1,1
1190,5,86,3,37,15,1,1
1191,5,87,1,74,63,1,1
1192,5,88,2,40,39,1,1
1193,5,89,4,26,15,0,0
1194,5,90,4,68,57,0,0
1195,5,91,4,67,57,0,0
1196,5,92,4,0,22,0,0
1197,5,93,2,46,39,1,2
1198,5,94,2,47,39,1,2
1199,5,95,1,69,63,1,2
1200,5,96,3,44,22,1,2
241,6,1,3,67,26,1,1
242,6,2,2,68,42,1,1
243,6,3,1,48,69,1,1
244,6,4,2,60,46,1,1
245,6,5,1,72,54,2,1
246,6,6,3,40,7,2,1
247,6,7,2,53,46,2,1
248,6,8,1,65,59,2,1
249,6,9,4,46,41,0,0
250,6,10,4,24,14,0,0
251,6,11,4,28,20,0,0
252,6,12,4,59,54,0,0
253,6,13,2,60,41,2,2
254,6,14,1,59,65,2,2
255,6,15,2,58,35,2,2
256,6,16,3,43,14,2,2
257,6,17,1,71,63,1,2
258,6,18,3,44,3,1,2
259,6,19,2,59,35,1,2
260,6,20,1,70,59,1,2
261,6,21,4,35,41,0,0
262,6,22,4,6,20,0,0
263,6,23,4,24,14,0,0
264,6,24,4,70,54,0,0
265,6,25,2,51,42,2,2
266,6,26,1,69,65,2,2
267,6,27,2,58,41,2,2
268,6,28,3,53,20,2,2
269,6,29,3,32,14,2,1
270,6,30,1,66,65,2,1
271,6,31,2,54,29,2,1
272,6,32,1,44,65,2,1
273,6,33,2,54,41,2,2
274,6,34,3,48,14,2,2
275,6,35,1,70,65,2,2
276,6,36,3,43,14,2,2
277,6,37,4,14,20,0,0
278,6,38,4,41,35,0,0
279,6,39,4,44,50,0,0
280,6,40,4,12,63,0,0
281,6,41,3,41,7,1,2
282,6,42,1,57,71,1,2
283,6,43,2,56,41,1,2
284,6,44,3,49,14,1,2
285,6,45,2,51,40,2,1
286,6,46,1,73,59,2,1
287,6,47,3,30,14,2,1
288,6,48,1,69,59,2,1
1201,6,49,4,21,35,0,0
1202,6,50,4,51,65,0,0
1203,6,51,4,33,7,0,0
1204,6,52,4,6,42,0,0
1205,6,53,1,74,69,1,2
1206,6,54,3,40,14,1,2
1207,6,55,2,40,46,1,2
1208,6,56,1,75,65,1,2
1209,6,57,2,60,41,1,1
1210,6,58,3,40,28,1,1
1211,6,59,1,71,65,1,1
1212,6,60,3,33,14,1,1
1213,6,61,3,43,20,2,2
1214,6,62,1,72,71,2,2
1215,6,63,2,50,41,2,2
1216,6,64,3,41,20,2,2
1217,6,65,4,48,69,0,0
1218,6,66,4,45,44,0,0
1219,6,67,4,37,28,0,0
1220,6,68,4,61,33,0,0
1221,6,69,1,76,63,2,2
1222,6,70,3,53,22,2,2
1223,6,71,2,50,39,2,2
1224,6,72,1,72,57,2,2
1225,6,73,3,24,15,2,1
1226,6,74,1,71,63,2,1
1227,6,75,2,42,33,2,1
1228,6,76,1,75,52,2,1
1229,6,77,2,51,42,1,2
1230,6,78,3,59,9,1,2
1231,6,79,2,47,30,1,2
1232,6,80,3,38,9,1,2
1233,6,81,1,74,52,2,1
1234,6,82,1,55,69,2,1
1235,6,83,3,29,15,2,1
1236,6,84,2,46,33,2,1
1237,6,85,2,47,39,1,1
1238,6,86,3,28,15,1,1
1239,6,87,1,74,63,1,1
1240,6,88,2,45,39,1,1
1241,6,89,4,28,15,0,0
1242,6,90,4,69,57,0,0
1243,6,91,4,68,57,0,0
1244,6,92,4,34,22,0,0
1245,6,93,2,48,39,1,2
1246,6,94,2,49,39,1,2
1247,6,95,1,75,63,1,2
1248,6,96,3,44,22,1,2
289,7,1,3,60,26,1,1
290,7,2,2,64,42,1,1
291,7,3,1,55,69,1,1
292,7,4,2,64,46,1,1
293,7,5,1,71,54,2,1
294,7,6,3,50,7,2,1
295,7,7,2,55,46,2,1
296,7,8,1,64,59,2,1
297,7,9,4,47,41,0,0
298,7,10,4,42,14,0,0
299,7,11,4,24,20,0,0
300,7,12,4,55,54,0,0
301,7,13,2,51,41,2,2
302,7,14,1,66,65,2,2
303,7,15,2,57,35,2,2
304,7,16,3,57,14,2,2
305,7,17,1,57,63,1,2
306,7,18,3,55,3,1,2
307,7,19,2,57,35,1,2
308,7,20,1,71,59,1,2
309,7,21,4,45,41,0,0
310,7,22,4,49,20,0,0
311,7,23,4,33,14,0,0
312,7,24,4,62,54,0,0
313,7,25,2,55,42,2,2
314,7,26,1,69,65,2,2
315,7,27,2,64,41,2,2
316,7,28,3,52,20,2,2
317,7,29,3,35,14,2,1
318,7,30,1,51,65,2,1
319,7,31,2,64,29,2,1
320,7,32,1,69,65,2,1
321,7,33,2,61,41,2,2
322,7,34,3,47,14,2,2
323,7,35,1,71,65,2,2
324,7,36,3,47,14,2,2
325,7,37,4,33,20,0,0
326,7,38,4,54,35,0,0
327,7,39,4,54,50,0,0
328,7,40,4,70,63,0,0
329,7,41,3,54,7,1,2
330,7,42,1,65,71,1,2
331,7,43,2,73,41,1,2
332,7,44,3,51,14,1,2
333,7,45,2,56,40,2,1
334,7,46,1,69,59,2,1
335,7,47,3,35,14,2,1
336,7,48,1,66,59,2,1
1249,7,49,4,44,35,0,0
1250,7,50,4,44,65,0,0
1251,7,51,4,50,7,0,0
1252,7,52,4,28,42,0,0
1253,7,53,1,73,69,1,2
1254,7,54,3,50,14,1,2
1255,7,55,2,57,46,1,2
1256,7,56,1,74,65,1,2
1257,7,57,2,49,41,1,1
1258,7,58,3,46,28,1,1
1259,7,59,1,73,65,1,1
1260,7,60,3,48,14,1,1
1261,7,61,3,50,20,2,2
1262,7,62,1,57,71,2,2
1263,7,63,2,59,41,2,2
1264,7,64,3,47,20,2,2
1265,7,65,4,70,69,0,0
1266,7,66,4,64,44,0,0
1267,7,67,4,0,28,0,0
1268,7,68,4,76,33,0,0
1269,7,69,1,76,63,2,2
1270,7,70,3,45,22,2,2
1271,7,71,2,63,39,2,2
1272,7,72,1,75,57,2,2
1273,7,73,3,37,15,2,1
1274,7,74,1,75,63,2,1
1275,7,75,2,60,33,2,1
1276,7,76,1,73,52,2,1
1277,7,77,2,59,42,1,2
1278,7,78,3,48,9,1,2
1279,7,79,2,63,30,1,2
1280,7,80,3,50,9,1,2
1281,7,81,1,75,52,2,1
1282,7,82,1,55,69,2,1
1283,7,83,3,41,15,2,1
1284,7,84,2,62,33,2,1
1285,7,85,2,54,39,1,1
1286,7,86,3,38,15,1,1
1287,7,87,1,75,63,1,1
1288,7,88,2,52,39,1,1
1289,7,89,4,27,15,0,0
1290,7,90,4,70,57,0,0
1291,7,91,4,67,57,0,0
1292,7,92,4,39,22,0,0
1293,7,93,2,61,39,1,2
1294,7,94,2,64,39,1,2
1295,7,95,1,74,63,1,2
1296,7,96,3,44,22,1,2
337,8,1,3,59,26,1,1
338,8,2,2,59,42,1,1
339,8,3,1,48,69,1,1
340,8,4,2,40,46,1,1
341,8,5,1,72,54,2,1
342,8,6,3,50,7,2,1
343,8,7,2,47,46,2,1
344,8,8,1,45,59,2,1
345,8,9,4,50,41,0,0
346,8,10,4,26,14,0,0
347,8,11,4,6,20,0,0
348,8,12,4,66,54,0,0
349,8,13,2,70,41,2,2
350,8,14,1,69,65,2,2
351,8,15,2,61,35,2,2
352,8,16,3,50,14,2,2
353,8,17,1,27,63,1,2
354,8,18,3,40,3,1,2
355,8,19,2,49,35,1,2
356,8,20,1,69,59,1,2
357,8,21,4,50,41,0,0
358,8,22,4,14,20,0,0
359,8,23,4,22,14,0,0
360,8,24,4,70,54,0,0
361,8,25,2,51,42,2,2
362,8,26,1,51,65,2,2
363,8,27,2,55,41,2,2
364,8,28,3,38,20,2,2
365,8,29,3,29,14,2,1
366,8,30,1,71,65,2,1
367,8,31,2,42,29,2,1
368,8,32,1,51,65,2,1
369,8,33,2,52,41,2,2
370,8,34,3,42,14,2,2
371,8,35,1,77,65,2,2
372,8,36,3,35,14,2,2
373,8,37,4,28,20,0,0
374,8,38,4,48,35,0,0
375,8,39,4,36,50,0,0
376,8,40,4,71,63,0,0
377,8,41,3,45,7,1,2
378,8,42,1,72,71,1,2
379,8,43,2,63,41,1,2
380,8,44,3,43,14,1,2
381,8,45,2,48,40,2,1
382,8,46,1,75,59,2,1
383,8,47,3,35,14,2,1
384,8,48,1,72,59,2,1
1297,8,49,4,45,35,0,0
1298,8,50,4,66,65,0,0
1299,8,51,4,19,7,0,0
1300,8,52,4,28,42,0,0
1301,8,53,1,74,69,1,2
1302,8,54,3,37,14,1,2
1303,8,55,2,51,46,1,2
1304,8,56,1,76,65,1,2
1305,8,57,2,27,41,1,1
1306,8,58,3,34,28,1,1
1307,8,59,1,77,65,1,1
1308,8,60,3,47,14,1,1
1309,8,61,3,38,20,2,2
1310,8,62,1,57,71,2,2
1311,8,63,2,58,41,2,2
1312,8,64,3,34,20,2,2
1313,8,65,4,74,69,0,0
1314,8,66,4,49,44,0,0
1315,8,67,4,22,28,0,0
1316,8,68,4,53,33,0,0
1317,8,69,1,73,63,2,2
1318,8,70,3,43,22,2,2
1319,8,71,2,52,39,2,2
1320,8,72,1,76,57,2,2
1321,8,73,3,34,15,2,1
1322,8,74,1,70,63,2,1
1323,8,75,2,56,33,2,1
1324,8,76,1,69,52,2,1
1325,8,77,2,58,42,1,2
1326,8,78,3,40,9,1,2
1327,8,79,2,55,30,1,2
1328,8,80,3,44,9,1,2
1329,8,81,1,66,52,2,1
1330,8,82,1,55,69,2,1
1331,8,83,3,27,15,2,1
1332,8,84,2,51,33,2,1
1333,8,85,2,45,39,1,1
1334,8,86,3,22,15,1,1
1335,8,87,1,72,63,1,1
1336,8,88,2,51,39,1,1
1337,8,89,4,24,15,0,0
1338,8,90,4,68,57,0,0
1339,8,91,4,64,57,0,0
1340,8,92,4,23,22,0,0
1341,8,93,2,53,39,1,2
1342,8,94,2,53,39,1,2
1343,8,95,1,69,63,1,2
1344,8,96,3,37,22,1,2
385,9,1,3,44,26,1,1
386,9,2,2,28,42,1,1
387,9,3,1,77,69,1,1
388,9,4,2,57,46,1,1
389,9,5,1,69,54,2,1
390,9,6,3,15,7,2,1
391,9,7,2,40,46,2,1
392,9,8,1,64,59,2,1
393,9,9,4,35,41,0,0
394,9,10,4,28,14,0,0
395,9,11,4,30,20,0,0
396,9,12,4,65,54,0,0
397,9,13,2,53,41,2,2
398,9,14,1,75,65,2,2
399,9,15,2,53,35,2,2
400,9,16,3,41,14,2,2
401,9,17,1,49,63,1,2
402,9,18,3,39,3,1,2
403,9,19,2,39,35,1,2
404,9,20,1,79,59,1,2
405,9,21,4,35,41,0,0
406,9,22,4,41,20,0,0
407,9,23,4,50,14,0,0
408,9,24,4,68,54,0,0
409,9,25,2,54,42,2,2
410,9,26,1,79,65,2,2
411,9,27,2,54,41,2,2
412,9,28,3,47,20,2,2
413,9,29,3,32,14,2,1
414,9,30,1,75,65,2,1
415,9,31,2,49,29,2,1
416,9,32,1,78,65,2,1
417,9,33,2,48,41,2,2
418,9,34,3,44,14,2,2
419,9,35,1,70,65,2,2
420,9,36,3,31,14,2,2
421,9,37,4,14,20,0,0
422,9,38,4,48,35,0,0
423,9,39,4,36,50,0,0
424,9,40,4,71,63,0,0
425,9,41,3,43,7,1,2
426,9,42,1,76,71,1,2
427,9,43,2,45,41,1,2
428,9,44,3,43,14,1,2
429,9,45,2,54,40,2,1
430,9,46,1,78,59,2,1
431,9,47,3,38,14,2,1
432,9,48,1,75,59,2,1
1345,9,49,4,21,35,0,0
1346,9,50,4,29,65,0,0
1347,9,51,4,17,7,0,0
1348,9,52,4,50,42,0,0
1349,9,53,1,78,69,1,2
1350,9,54,3,47,14,1,2
1351,9,55,2,25,46,1,2
1352,9,56,1,51,65,1,2
1353,9,57,2,46,41,1,1
1354,9,58,3,46,28,1,1
1355,9,59,1,51,65,1,1
1356,9,60,3,56,14,1,1
1357,9,61,3,66,20,2,2
1358,9,62,1,42,71,2,2
1359,9,63,2,50,41,2,2
1360,9,64,3,61,20,2,2
1361,9,65,4,48,69,0,0
1362,9,66,4,73,44,0,0
1363,9,67,4,72,28,0,0
1364,9,68,4,44,33,0,0
1365,9,69,1,79,63,2,2
1366,9,70,3,65,22,2,2
1367,9,71,2,46,39,2,2
1368,9,72,1,79,57,2,2
1369,9,73,3,55,15,2,1
1370,9,74,1,69,63,2,1
1371,9,75,2,48,33,2,1
1372,9,76,1,72,52,2,1
1373,9,77,2,50,42,1,2
1374,9,78,3,78,9,1,2
1375,9,79,2,45,30,1,2
1376,9,80,3,51,9,1,2
1377,9,81,1,72,52,2,1
1378,9,82,1,79,69,2,1
1379,9,83,3,49,15,2,1
1380,9,84,2,46,33,2,1
1381,9,85,2,46,39,1,1
1382,9,86,3,44,15,1,1
1383,9,87,1,49,63,1,1
1384,9,88,2,45,39,1,1
1385,9,89,4,36,15,0,0
1386,9,90,4,76,57,0,0
1387,9,91,4,69,57,0,0
1388,9,92,4,53,22,0,0
1389,9,93,2,48,39,1,2
1390,9,94,2,73,39,1,2
1391,9,95,1,57,63,1,2
1392,9,96,3,46,22,1,2
433,10,1,3,47,26,1,1
434,10,2,2,21,42,1,1
435,10,3,1,48,69,1,1
436,10,4,2,68,46,1,1
437,10,5,1,48,54,2,1
438,10,6,3,62,7,2,1
439,10,7,2,55,46,2,1
440,10,8,1,38,59,2,1
441,10,9,4,67,41,0,0
442,10,10,4,52,14,0,0
443,10,11,4,39,20,0,0
444,10,12,4,33,54,0,0
445,10,13,2,57,41,2,2
446,10,14,1,36,65,2,2
447,10,15,2,45,35,2,2
448,10,16,3,76,14,2,2
449,10,17,1,49,63,1,2
450,10,18,3,58,3,1,2
451,10,19,2,51,35,1,2
452,10,20,1,45,59,1,2
453,10,21,4,27,41,0,0
454,10,22,4,53,20,0,0
455,10,23,4,48,14,0,0
456,10,24,4,33,54,0,0
457,10,25,2,58,42,2,2
458,10,26,1,51,65,2,2
459,10,27,2,54,41,2,2
460,10,28,3,56,20,2,2
461,10,29,3,46,14,2,1
462,10,30,1,44,65,2,1
463,10,31,2,51,29,2,1
464,10,32,1,51,65,2,1
465,10,33,2,5,41,2,2
466,10,34,3,56,14,2,2
467,10,35,1,51,65,2,2
468,10,36,3,66,14,2,2
469,10,37,4,34,20,0,0
470,10,38,4,51,35,0,0
471,10,39,4,36,50,0,0
472,10,40,4,49,63,0,0
473,10,41,3,68,7,1,2
474,10,42,1,57,71,1,2
475,10,43,2,27,41,1,2
476,10,44,3,49,14,1,2
477,10,45,2,51,40,2,1
478,10,46,1,45,59,2,1
479,10,47,3,47,14,2,1
480,10,48,1,38,59,2,1
1393,10,49,4,48,35,0,0
1394,10,50,4,51,65,0,0
1395,10,51,4,51,7,0,0
1396,10,52,4,43,42,0,0
1397,10,53,1,55,69,1,2
1398,10,54,3,60,14,1,2
1399,10,55,2,17,46,1,2
1400,10,56,1,51,65,1,2
1401,10,57,2,52,41,1,1
1402,10,58,3,53,28,1,1
1403,10,59,1,44,65,1,1
1404,10,60,3,53,14,1,1
1405,10,61,3,58,20,2,2
1406,10,62,1,0,71,2,2
1407,10,63,2,48,41,2,2
1408,10,64,3,69,20,2,2
1409,10,65,4,48,69,0,0
1410,10,66,4,8,44,0,0
1411,10,67,4,43,28,0,0
1412,10,68,4,44,33,0,0
1413,10,69,1,42,63,2,2
1414,10,70,3,74,22,2,2
1415,10,71,2,55,39,2,2
1416,10,72,1,43,57,2,2
1417,10,73,3,61,15,2,1
1418,10,74,1,49,63,2,1
1419,10,75,2,54,33,2,1
1420,10,76,1,38,52,2,1
1421,10,77,2,52,42,1,2
1422,10,78,3,69,9,1,2
1423,10,79,2,45,30,1,2
1424,10,80,3,56,9,1,2
1425,10,81,1,38,52,2,1
1426,10,82,1,55,69,2,1
1427,10,83,3,53,15,2,1
1428,10,84,2,61,33,2,1
1429,10,85,2,47,39,1,1
1430,10,86,3,71,15,1,1
1431,10,87,1,19,63,1,1
1432,10,88,2,50,39,1,1
1433,10,89,4,51,15,0,0
1434,10,90,4,43,57,0,0
1435,10,91,4,0,57,0,0
1436,10,92,4,58,22,0,0
1437,10,93,2,58,39,1,2
1438,10,94,2,61,39,1,2
1439,10,95,1,12,63,1,2
1440,10,96,3,60,22,1,2
481,11,1,3,49,26,1,1
482,11,2,2,32,42,1,1
483,11,3,1,60,69,1,1
484,11,4,2,35,46,1,1
485,11,5,1,45,54,2,1
486,11,6,3,42,7,2,1
487,11,7,2,70,46,2,1
488,11,8,1,73,59,2,1
489,11,9,4,30,41,0,0
490,11,10,4,29,14,0,0
491,11,11,4,34,20,0,0
492,11,12,4,65,54,0,0
493,11,13,2,60,41,2,2
494,11,14,1,68,65,2,2
495,11,15,2,50,35,2,2
496,11,16,3,39,14,2,2
497,11,17,1,66,63,1,2
498,11,18,3,45,3,1,2
499,11,19,2,54,35,1,2
500,11,20,1,69,59,1,2
501,11,21,4,23,41,0,0
502,11,22,4,22,20,0,0
503,11,23,4,33,14,0,0
504,11,24,4,73,54,0,0
505,11,25,2,51,42,2,2
506,11,26,1,65,65,2,2
507,11,27,2,57,41,2,2
508,11,28,3,32,20,2,2
509,11,29,3,34,14,2,1
510,11,30,1,-5,65,2,1
511,11,31,2,62,29,2,1
512,11,32,1,73,65,2,1
513,11,33,2,61,41,2,2
514,11,34,3,39,14,2,2
515,11,35,1,74,65,2,2
516,11,36,3,39,14,2,2
517,11,37,4,27,20,0,0
518,11,38,4,59,35,0,0
519,11,39,4,11,50,0,0
520,11,40,4,69,63,0,0
521,11,41,3,42,7,1,2
522,11,42,1,0,71,1,2
523,11,43,2,54,41,1,2
524,11,44,3,34,14,1,2
525,11,45,2,51,40,2,1
526,11,46,1,75,59,2,1
527,11,47,3,33,14,2,1
528,11,48,1,76,59,2,1
1441,11,49,4,5,35,0,0
1442,11,50,4,47,65,0,0
1443,11,51,4,28,7,0,0
1444,11,52,4,31,42,0,0
1445,11,53,1,69,69,1,2
1446,11,54,3,35,14,1,2
1447,11,55,2,55,46,1,2
1448,11,56,1,74,65,1,2
1449,11,57,2,57,41,1,1
1450,11,58,3,18,28,1,1
1451,11,59,1,75,65,1,1
1452,11,60,3,34,14,1,1
1453,11,61,3,44,20,2,2
1454,11,62,1,68,71,2,2
1455,11,63,2,60,41,2,2
1456,11,64,3,37,20,2,2
1457,11,65,4,62,69,0,0
1458,11,66,4,53,44,0,0
1459,11,67,4,0,28,0,0
1460,11,68,4,58,33,0,0
1461,11,69,1,75,63,2,2
1462,11,70,3,39,22,2,2
1463,11,71,2,49,39,2,2
1464,11,72,1,72,57,2,2
1465,11,73,3,30,15,2,1
1466,11,74,1,65,63,2,1
1467,11,75,2,52,33,2,1
1468,11,76,1,71,52,2,1
1469,11,77,2,55,42,1,2
1470,11,78,3,28,9,1,2
1471,11,79,2,50,30,1,2
1472,11,80,3,39,9,1,2
1473,11,81,1,69,52,2,1
1474,11,82,1,53,69,2,1
1475,11,83,3,22,15,2,1
1476,11,84,2,57,33,2,1
1477,11,85,2,48,39,1,1
1478,11,86,3,30,15,1,1
1479,11,87,1,65,63,1,1
1480,11,88,2,54,39,1,1
1481,11,89,4,20,15,0,0
1482,11,90,4,69,57,0,0
1483,11,91,4,71,57,0,0
1484,11,92,4,19,22,0,0
1485,11,93,2,60,39,1,2
1486,11,94,2,63,39,1,2
1487,11,95,1,74,63,1,2
1488,11,96,3,39,22,1,2
529,12,1,3,-1,26,1,1
530,12,2,2,55,42,1,1
531,12,3,1,54,69,1,1
532,12,4,2,35,46,1,1
533,12,5,1,37,54,2,1
534,12,6,3,69,7,2,1
535,12,7,2,33,46,2,1
536,12,8,1,46,59,2,1
537,12,9,4,52,41,0,0
538,12,10,4,54,14,0,0
539,12,11,4,26,20,0,0
540,12,12,4,35,54,0,0
541,12,13,2,51,41,2,2
542,12,14,1,56,65,2,2
543,12,15,2,50,35,2,2
544,12,16,3,59,14,2,2
545,12,17,1,50,63,1,2
546,12,18,3,64,3,1,2
547,12,19,2,41,35,1,2
548,12,20,1,43,59,1,2
549,12,21,4,45,41,0,0
550,12,22,4,54,20,0,0
551,12,23,4,42,14,0,0
552,12,24,4,44,54,0,0
553,12,25,2,56,42,2,2
554,12,26,1,51,65,2,2
555,12,27,2,49,41,2,2
556,12,28,3,43,20,2,2
557,12,29,3,38,14,2,1
558,12,30,1,54,65,2,1
559,12,31,2,43,29,2,1
560,12,32,1,48,65,2,1
561,12,33,2,63,41,2,2
562,12,34,3,50,14,2,2
563,12,35,1,73,65,2,2
564,12,36,3,51,14,2,2
565,12,37,4,32,20,0,0
566,12,38,4,52,35,0,0
567,12,39,4,31,50,0,0
568,12,40,4,67,63,0,0
569,12,41,3,51,7,1,2
570,12,42,1,53,71,1,2
571,12,43,2,49,41,1,2
572,12,44,3,41,14,1,2
573,12,45,2,30,40,2,1
574,12,46,1,71,59,2,1
575,12,47,3,27,14,2,1
576,12,48,1,75,59,2,1
1489,12,49,4,51,35,0,0
1490,12,50,4,54,65,0,0
1491,12,51,4,31,7,0,0
1492,12,52,4,46,42,0,0
1493,12,53,1,63,69,1,2
1494,12,54,3,32,14,1,2
1495,12,55,2,30,46,1,2
1496,12,56,1,65,65,1,2
1497,12,57,2,58,41,1,1
1498,12,58,3,37,28,1,1
1499,12,59,1,42,65,1,1
1500,12,60,3,39,14,1,1
1501,12,61,3,39,20,2,2
1502,12,62,1,66,71,2,2
1503,12,63,2,60,41,2,2
1504,12,64,3,37,20,2,2
1505,12,65,4,54,69,0,0
1506,12,66,4,57,44,0,0
1507,12,67,4,9,28,0,0
1508,12,68,4,56,33,0,0
1509,12,69,1,71,63,2,2
1510,12,70,3,42,22,2,2
1511,12,71,2,53,39,2,2
1512,12,72,1,67,57,2,2
1513,12,73,3,28,15,2,1
1514,12,74,1,23,63,2,1
1515,12,75,2,59,33,2,1
1516,12,76,1,63,52,2,1
1517,12,77,2,53,42,1,2
1518,12,78,3,35,9,1,2
1519,12,79,2,65,30,1,2
1520,12,80,3,34,9,1,2
1521,12,81,1,70,52,2,1
1522,12,82,1,57,69,2,1
1523,12,83,3,20,15,2,1
1524,12,84,2,60,33,2,1
1525,12,85,2,35,39,1,1
1526,12,86,3,68,15,1,1
1527,12,87,1,53,63,1,1
1528,12,88,2,59,39,1,1
1529,12,89,4,31,15,0,0
1530,12,90,4,58,57,0,0
1531,12,91,4,67,57,0,0
1532,12,92,4,13,22,0,0
1533,12,93,2,60,39,1,2
1534,12,94,2,63,39,1,2
1535,12,95,1,67,63,1,2
1536,12,96,3,39,22,1,2
577,13,1,3,65,26,1,1
578,13,2,2,67,42,1,1
579,13,3,1,56,69,1,1
580,13,4,2,66,46,1,1
581,13,5,1,73,54,2,1
582,13,6,3,46,7,2,1
583,13,7,2,56,46,2,1
584,13,8,1,68,59,2,1
585,13,9,4,50,41,0,0
586,13,10,4,43,14,0,0
587,13,11,4,25,20,0,0
588,13,12,4,55,54,0,0
589,13,13,2,56,41,2,2
590,13,14,1,68,65,2,2
591,13,15,2,56,35,2,2
592,13,16,3,54,14,2,2
593,13,17,1,57,63,1,2
594,13,18,3,58,3,1,2
595,13,19,2,62,35,1,2
596,13,20,1,72,59,1,2
597,13,21,4,47,41,0,0
598,13,22,4,53,20,0,0
599,13,23,4,36,14,0,0
600,13,24,4,59,54,0,0
601,13,25,2,51,42,2,2
602,13,26,1,66,65,2,2
603,13,27,2,61,41,2,2
604,13,28,3,46,20,2,2
605,13,29,3,40,14,2,1
606,13,30,1,54,65,2,1
607,13,31,2,62,29,2,1
608,13,32,1,71,65,2,1
609,13,33,2,65,41,2,2
610,13,34,3,43,14,2,2
611,13,35,1,75,65,2,2
612,13,36,3,49,14,2,2
613,13,37,4,28,20,0,0
614,13,38,4,59,35,0,0
615,13,39,4,51,50,0,0
616,13,40,4,74,63,0,0
617,13,41,3,54,7,1,2
618,13,42,1,67,71,1,2
619,13,43,2,73,41,1,2
620,13,44,3,54,14,1,2
621,13,45,2,54,40,2,1
622,13,46,1,71,59,2,1
623,13,47,3,34,14,2,1
624,13,48,1,64,59,2,1
1537,13,49,4,42,35,0,0
1538,13,50,4,49,65,0,0
1539,13,51,4,53,7,0,0
1540,13,52,4,32,42,0,0
1541,13,53,1,73,69,1,2
1542,13,54,3,51,14,1,2
1543,13,55,2,52,46,1,2
1544,13,56,1,74,65,1,2
1545,13,57,2,44,41,1,1
1546,13,58,3,47,28,1,1
1547,13,59,1,73,65,1,1
1548,13,60,3,52,14,1,1
1549,13,61,3,49,20,2,2
1550,13,62,1,58,71,2,2
1551,13,63,2,64,41,2,2
1552,13,64,3,50,20,2,2
1553,13,65,4,72,69,0,0
1554,13,66,4,61,44,0,0
1555,13,67,4,1,28,0,0
1556,13,68,4,76,33,0,0
1557,13,69,1,76,63,2,2
1558,13,70,3,47,22,2,2
1559,13,71,2,58,39,2,2
1560,13,72,1,75,57,2,2
1561,13,73,3,38,15,2,1
1562,13,74,1,75,63,2,1
1563,13,75,2,63,33,2,1
1564,13,76,1,73,52,2,1
1565,13,77,2,58,42,1,2
1566,13,78,3,49,9,1,2
1567,13,79,2,65,30,1,2
1568,13,80,3,48,9,1,2
1569,13,81,1,75,52,2,1
1570,13,82,1,60,69,2,1
1571,13,83,3,36,15,2,1
1572,13,84,2,65,33,2,1
1573,13,85,2,50,39,1,1
1574,13,86,3,43,15,1,1
1575,13,87,1,75,63,1,1
1576,13,88,2,57,39,1,1
1577,13,89,4,28,15,0,0
1578,13,90,4,67,57,0,0
1579,13,91,4,71,57,0,0
1580,13,92,4,44,22,0,0
1581,13,93,2,63,39,1,2
1582,13,94,2,65,39,1,2
1583,13,95,1,74,63,1,2
1584,13,96,3,44,22,1,2
625,15,1,3,65,26,1,1
626,15,2,2,69,42,1,1
627,15,3,1,48,69,1,1
628,15,4,2,77,46,1,1
629,15,5,1,69,54,2,1
630,15,6,3,63,7,2,1
631,15,7,2,66,46,2,1
632,15,8,1,75,59,2,1
633,15,9,4,71,41,0,0
634,15,10,4,54,14,0,0
635,15,11,4,46,20,0,0
636,15,12,4,67,54,0,0
637,15,13,2,72,41,2,2
638,15,14,1,70,65,2,2
639,15,15,2,74,35,2,2
640,15,16,3,66,14,2,2
641,15,17,1,71,63,1,2
642,15,18,3,49,3,1,2
643,15,19,2,68,35,1,2
644,15,20,1,73,59,1,2
645,15,21,4,69,41,0,0
646,15,22,4,46,20,0,0
647,15,23,4,44,14,0,0
648,15,24,4,68,54,0,0
649,15,25,2,75,42,2,2
650,15,26,1,66,65,2,2
651,15,27,2,68,41,2,2
652,15,28,3,44,20,2,2
653,15,29,3,31,14,2,1
654,15,30,1,66,65,2,1
655,15,31,2,67,29,2,1
656,15,32,1,70,65,2,1
657,15,33,2,61,41,2,2
658,15,34,3,48,14,2,2
659,15,35,1,59,65,2,2
660,15,36,3,59,14,2,2
661,15,37,4,38,20,0,0
662,15,38,4,71,35,0,0
663,15,39,4,70,50,0,0
664,15,40,4,19,63,0,0
665,15,41,3,59,7,1,2
666,15,42,1,50,71,1,2
667,15,43,2,76,41,1,2
668,15,44,3,58,14,1,2
669,15,45,2,75,40,2,1
670,15,46,1,75,59,2,1
671,15,47,3,66,14,2,1
672,15,48,1,77,59,2,1
1585,15,49,4,71,35,0,0
1586,15,50,4,69,65,0,0
1587,15,51,4,72,7,0,0
1588,15,52,4,64,42,0,0
1589,15,53,1,70,69,1,2
1590,15,54,3,55,14,1,2
1591,15,55,2,67,46,1,2
1592,15,56,1,72,65,1,2
1593,15,57,2,71,41,1,1
1594,15,58,3,50,28,1,1
1595,15,59,1,66,65,1,1
1596,15,60,3,46,14,1,1
1597,15,61,3,55,20,2,2
1598,15,62,1,65,71,2,2
1599,15,63,2,71,41,2,2
1600,15,64,3,75,20,2,2
1601,15,65,4,48,69,0,0
1602,15,66,4,67,44,0,0
1603,15,67,4,55,28,0,0
1604,15,68,4,59,33,0,0
1605,15,69,1,73,63,2,2
1606,15,70,3,49,22,2,2
1607,15,71,2,70,39,2,2
1608,15,72,1,73,57,2,2
1609,15,73,3,41,15,2,1
1610,15,74,1,68,63,2,1
1611,15,75,2,72,33,2,1
1612,15,76,1,66,52,2,1
1613,15,77,2,65,42,1,2
1614,15,78,3,80,9,1,2
1615,15,79,2,66,30,1,2
1616,15,80,3,46,9,1,2
1617,15,81,1,70,52,2,1
1618,15,82,1,63,69,2,1
1619,15,83,3,44,15,2,1
1620,15,84,2,71,33,2,1
1621,15,85,2,61,39,1,1
1622,15,86,3,41,15,1,1
1623,15,87,1,68,63,1,1
1624,15,88,2,63,39,1,1
1625,15,89,4,50,15,0,0
1626,15,90,4,69,57,0,0
1627,15,91,4,68,57,0,0
1628,15,92,4,48,22,0,0
1629,15,93,2,63,39,1,2
1630,15,94,2,68,39,1,2
1631,15,95,1,57,63,1,2
1632,15,96,3,51,22,1,2
673,16,1,3,66,26,1,1
674,16,2,2,52,42,1,1
675,16,3,1,55,69,1,1
676,16,4,2,65,46,1,1
677,16,5,1,71,54,2,1
678,16,6,3,43,7,2,1
679,16,7,2,66,46,2,1
680,16,8,1,60,59,2,1
681,16,9,4,46,41,0,0
682,16,10,4,33,14,0,0
683,16,11,4,27,20,0,0
684,16,12,4,68,54,0,0
685,16,13,2,71,41,2,2
686,16,14,1,66,65,2,2
687,16,15,2,57,35,2,2
688,16,16,3,43,14,2,2
689,16,17,1,0,63,1,2
690,16,18,3,42,3,1,2
691,16,19,2,55,35,1,2
692,16,20,1,65,59,1,2
693,16,21,4,35,41,0,0
694,16,22,4,34,20,0,0
695,16,23,4,30,14,0,0
696,16,24,4,67,54,0,0
697,16,25,2,62,42,2,2
698,16,26,1,70,65,2,2
699,16,27,2,61,41,2,2
700,16,28,3,35,20,2,2
701,16,29,3,24,14,2,1
702,16,30,1,70,65,2,1
703,16,31,2,66,29,2,1
704,16,32,1,59,65,2,1
705,16,33,2,58,41,2,2
706,16,34,3,41,14,2,2
707,16,35,1,66,65,2,2
708,16,36,3,77,14,2,2
709,16,37,4,21,20,0,0
710,16,38,4,52,35,0,0
711,16,39,4,55,50,0,0
712,16,40,4,67,63,0,0
713,16,41,3,30,7,1,2
714,16,42,1,50,71,1,2
715,16,43,2,57,41,1,2
716,16,44,3,35,14,1,2
717,16,45,2,46,40,2,1
718,16,46,1,74,59,2,1
719,16,47,3,26,14,2,1
720,16,48,1,30,59,2,1
1633,16,49,4,41,35,0,0
1634,16,50,4,36,65,0,0
1635,16,51,4,52,7,0,0
1636,16,52,4,47,42,0,0
1637,16,53,1,63,69,1,2
1638,16,54,3,38,14,1,2
1639,16,55,2,52,46,1,2
1640,16,56,1,66,65,1,2
1641,16,57,2,56,41,1,1
1642,16,58,3,7,28,1,1
1643,16,59,1,44,65,1,1
1644,16,60,3,26,14,1,1
1645,16,61,3,29,20,2,2
1646,16,62,1,57,71,2,2
1647,16,63,2,72,41,2,2
1648,16,64,3,15,20,2,2
1649,16,65,4,55,69,0,0
1650,16,66,4,63,44,0,0
1651,16,67,4,67,28,0,0
1652,16,68,4,50,33,0,0
1653,16,69,1,67,63,2,2
1654,16,70,3,37,22,2,2
1655,16,71,2,52,39,2,2
1656,16,72,1,67,57,2,2
1657,16,73,3,29,15,2,1
1658,16,74,1,64,63,2,1
1659,16,75,2,50,33,2,1
1660,16,76,1,73,52,2,1
1661,16,77,2,52,42,1,2
1662,16,78,3,38,9,1,2
1663,16,79,2,47,30,1,2
1664,16,80,3,33,9,1,2
1665,16,81,1,71,52,2,1
1666,16,82,1,55,69,2,1
1667,16,83,3,29,15,2,1
1668,16,84,2,54,33,2,1
1669,16,85,2,63,39,1,1
1670,16,86,3,28,15,1,1
1671,16,87,1,73,63,1,1
1672,16,88,2,58,39,1,1
1673,16,89,4,23,15,0,0
1674,16,90,4,64,57,0,0
1675,16,91,4,65,57,0,0
1676,16,92,4,28,22,0,0
1677,16,93,2,60,39,1,2
1678,16,94,2,56,39,1,2
1679,16,95,1,69,63,1,2
1680,16,96,3,10,22,1,2
721,17,1,3,64,26,1,1
722,17,2,2,60,42,1,1
723,17,3,1,73,69,1,1
724,17,4,2,74,46,1,1
725,17,5,1,76,54,2,1
726,17,6,3,75,7,2,1
727,17,7,2,71,46,2,1
728,17,8,1,75,59,2,1
729,17,9,4,60,41,0,0
730,17,10,4,72,14,0,0
731,17,11,4,68,20,0,0
732,17,12,4,69,54,0,0
733,17,13,2,75,41,2,2
734,17,14,1,76,65,2,2
735,17,15,2,76,35,2,2
736,17,16,3,75,14,2,2
737,17,17,1,74,63,1,2
738,17,18,3,78,3,1,2
739,17,19,2,78,35,1,2
740,17,20,1,76,59,1,2
741,17,21,4,65,41,0,0
742,17,22,4,75,20,0,0
743,17,23,4,67,14,0,0
744,17,24,4,69,54,0,0
745,17,25,2,75,42,2,2
746,17,26,1,69,65,2,2
747,17,27,2,76,41,2,2
748,17,28,3,78,20,2,2
749,17,29,3,75,14,2,1
750,17,30,1,75,65,2,1
751,17,31,2,77,29,2,1
752,17,32,1,75,65,2,1
753,17,33,2,78,41,2,2
754,17,34,3,73,14,2,2
755,17,35,1,75,65,2,2
756,17,36,3,73,14,2,2
757,17,37,4,64,20,0,0
758,17,38,4,70,35,0,0
759,17,39,4,66,50,0,0
760,17,40,4,73,63,0,0
761,17,41,3,81,7,1,2
762,17,42,1,76,71,1,2
763,17,43,2,78,41,1,2
764,17,44,3,81,14,1,2
765,17,45,2,61,40,2,1
766,17,46,1,77,59,2,1
767,17,47,3,72,14,2,1
768,17,48,1,78,59,2,1
1681,17,49,4,69,35,0,0
1682,17,50,4,51,65,0,0
1683,17,51,4,72,7,0,0
1684,17,52,4,65,42,0,0
1685,17,53,1,77,69,1,2
1686,17,54,3,63,14,1,2
1687,17,55,2,66,46,1,2
1688,17,56,1,78,65,1,2
1689,17,57,2,53,41,1,1
1690,17,58,3,64,28,1,1
1691,17,59,1,79,65,1,1
1692,17,60,3,62,14,1,1
1693,17,61,3,80,20,2,2
1694,17,62,1,79,71,2,2
1695,17,63,2,54,41,2,2
1696,17,64,3,59,20,2,2
1697,17,65,4,79,69,0,0
1698,17,66,4,30,44,0,0
1699,17,67,4,36,28,0,0
1700,17,68,4,46,33,0,0
1701,17,69,1,79,63,2,2
1702,17,70,3,64,22,2,2
1703,17,71,2,50,39,2,2
1704,17,72,1,76,57,2,2
1705,17,73,3,63,15,2,1
1706,17,74,1,79,63,2,1
1707,17,75,2,65,33,2,1
1708,17,76,1,77,52,2,1
1709,17,77,2,67,42,1,2
1710,17,78,3,48,9,1,2
1711,17,79,2,51,30,1,2
1712,17,80,3,42,9,1,2
1713,17,81,1,79,52,2,1
1714,17,82,1,75,69,2,1
1715,17,83,3,55,15,2,1
1716,17,84,2,61,33,2,1
1717,17,85,2,66,39,1,1
1718,17,86,3,39,15,1,1
1719,17,87,1,77,63,1,1
1720,17,88,2,61,39,1,1
1721,17,89,4,26,15,0,0
1722,17,90,4,78,57,0,0
1723,17,91,4,76,57,0,0
1724,17,92,4,28,22,0,0
1725,17,93,2,62,39,1,2
1726,17,94,2,59,39,1,2
1727,17,95,1,76,63,1,2
1728,17,96,3,50,22,1,2
769,18,1,3,64,26,1,1
770,18,2,2,73,42,1,1
771,18,3,1,48,69,1,1
772,18,4,2,62,46,1,1
773,18,5,1,78,54,2,1
774,18,6,3,46,7,2,1
775,18,7,2,64,46,2,1
776,18,8,1,72,59,2,1
777,18,9,4,20,41,0,0
778,18,10,4,28,14,0,0
779,18,11,4,38,20,0,0
780,18,12,4,48,54,0,0
781,18,13,2,64,41,2,2
782,18,14,1,74,65,2,2
783,18,15,2,66,35,2,2
784,18,16,3,51,14,2,2
785,18,17,1,77,63,1,2
786,18,18,3,42,3,1,2
787,18,19,2,63,35,1,2
788,18,20,1,78,59,1,2
789,18,21,4,47,41,0,0
790,18,22,4,6,20,0,0
791,18,23,4,30,14,0,0
792,18,24,4,71,54,0,0
793,18,25,2,59,42,2,2
794,18,26,1,71,65,2,2
795,18,27,2,58,41,2,2
796,18,28,3,46,20,2,2
797,18,29,3,34,14,2,1
798,18,30,1,70,65,2,1
799,18,31,2,53,29,2,1
800,18,32,1,66,65,2,1
801,18,33,2,57,41,2,2
802,18,34,3,40,14,2,2
803,18,35,1,70,65,2,2
804,18,36,3,41,14,2,2
805,18,37,4,30,20,0,0
806,18,38,4,57,35,0,0
807,18,39,4,0,50,0,0
808,18,40,4,68,63,0,0
809,18,41,3,38,7,1,2
810,18,42,1,65,71,1,2
811,18,43,2,61,41,1,2
812,18,44,3,38,14,1,2
813,18,45,2,59,40,2,1
814,18,46,1,70,59,2,1
815,18,47,3,28,14,2,1
816,18,48,1,68,59,2,1
1729,18,49,4,0,35,0,0
1730,18,50,4,0,65,0,0
1731,18,51,4,22,7,0,0
1732,18,52,4,43,42,0,0
1733,18,53,1,74,69,1,2
1734,18,54,3,38,14,1,2
1735,18,55,2,60,46,1,2
1736,18,56,1,72,65,1,2
1737,18,57,2,62,41,1,1
1738,18,58,3,22,28,1,1
1739,18,59,1,74,65,1,1
1740,18,60,3,39,14,1,1
1741,18,61,3,41,20,2,2
1742,18,62,1,75,71,2,2
1743,18,63,2,66,41,2,2
1744,18,64,3,41,20,2,2
1745,18,65,4,0,69,0,0
1746,18,66,4,50,44,0,0
1747,18,67,4,33,28,0,0
1748,18,68,4,58,33,0,0
1749,18,69,1,77,63,2,2
1750,18,70,3,43,22,2,2
1751,18,71,2,61,39,2,2
1752,18,72,1,74,57,2,2
1753,18,73,3,35,15,2,1
1754,18,74,1,74,63,2,1
1755,18,75,2,61,33,2,1
1756,18,76,1,72,52,2,1
1757,18,77,2,60,42,1,2
1758,18,78,3,38,9,1,2
1759,18,79,2,56,30,1,2
1760,18,80,3,39,9,1,2
1761,18,81,1,68,52,2,1
1762,18,82,1,55,69,2,1
1763,18,83,3,37,15,2,1
1764,18,84,2,59,33,2,1
1765,18,85,2,46,39,1,1
1766,18,86,3,32,15,1,1
1767,18,87,1,75,63,1,1
1768,18,88,2,58,39,1,1
1769,18,89,4,32,15,0,0
1770,18,90,4,72,57,0,0
1771,18,91,4,36,57,0,0
1772,18,92,4,79,22,0,0
1773,18,93,2,59,39,1,2
1774,18,94,2,58,39,1,2
1775,18,95,1,72,63,1,2
1776,18,96,3,43,22,1,2
817,19,1,3,37,26,1,1
818,19,2,2,6,42,1,1
819,19,3,1,48,69,1,1
820,19,4,2,57,46,1,1
821,19,5,1,78,54,2,1
822,19,6,3,30,7,2,1
823,19,7,2,54,46,2,1
824,19,8,1,45,59,2,1
825,19,9,4,0,41,0,0
826,19,10,4,0,14,0,0
827,19,11,4,0,20,0,0
828,19,12,4,0,54,0,0
829,19,13,2,51,41,2,2
830,19,14,1,51,65,2,2
831,19,15,2,52,35,2,2
832,19,16,3,30,14,2,2
833,19,17,1,57,63,1,2
834,19,18,3,39,3,1,2
835,19,19,2,55,35,1,2
836,19,20,1,53,59,1,2
837,19,21,4,0,41,0,0
838,19,22,4,0,20,0,0
839,19,23,4,19,14,0,0
840,19,24,4,63,54,0,0
841,19,25,2,52,42,2,2
842,19,26,1,51,65,2,2
843,19,27,2,59,41,2,2
844,19,28,3,38,20,2,2
845,19,29,3,32,14,2,1
846,19,30,1,29,65,2,1
847,19,31,2,60,29,2,1
848,19,32,1,66,65,2,1
849,19,33,2,53,41,2,2
850,19,34,3,39,14,2,2
851,19,35,1,66,65,2,2
852,19,36,3,38,14,2,2
853,19,37,4,25,20,0,0
854,19,38,4,50,35,0,0
855,19,39,4,36,50,0,0
856,19,40,4,68,63,0,0
857,19,41,3,41,7,1,2
858,19,42,1,57,71,1,2
859,19,43,2,58,41,1,2
860,19,44,3,41,14,1,2
861,19,45,2,51,40,2,1
862,19,46,1,71,59,2,1
863,19,47,3,26,14,2,1
864,19,48,1,69,59,2,1
1777,19,49,4,0,35,0,0
1778,19,50,4,0,65,0,0
1779,19,51,4,30,7,0,0
1780,19,52,4,28,42,0,0
1781,19,53,1,77,69,1,2
1782,19,54,3,36,14,1,2
1783,19,55,2,32,46,1,2
1784,19,56,1,78,65,1,2
1785,19,57,2,52,41,1,1
1786,19,58,3,14,28,1,1
1787,19,59,1,74,65,1,1
1788,19,60,3,31,14,1,1
1789,19,61,3,38,20,2,2
1790,19,62,1,76,71,2,2
1791,19,63,2,51,41,2,2
1792,19,64,3,40,20,2,2
1793,19,65,4,55,69,0,0
1794,19,66,4,54,44,0,0
1795,19,67,4,32,28,0,0
1796,19,68,4,53,33,0,0
1797,19,69,1,76,63,2,2
1798,19,70,3,43,22,2,2
1799,19,71,2,48,39,2,2
1800,19,72,1,69,57,2,2
1801,19,73,3,30,15,2,1
1802,19,74,1,71,63,2,1
1803,19,75,2,52,33,2,1
1804,19,76,1,69,52,2,1
1805,19,77,2,49,42,1,2
1806,19,78,3,37,9,1,2
1807,19,79,2,52,30,1,2
1808,19,80,3,33,9,1,2
1809,19,81,1,69,52,2,1
1810,19,82,1,55,69,2,1
1811,19,83,3,30,15,2,1
1812,19,84,2,51,33,2,1
1813,19,85,2,47,39,1,1
1814,19,86,3,27,15,1,1
1815,19,87,1,70,63,1,1
1816,19,88,2,47,39,1,1
1817,19,89,4,22,15,0,0
1818,19,90,4,67,57,0,0
1819,19,91,4,69,57,0,0
1820,19,92,4,30,22,0,0
1821,19,93,2,44,39,1,2
1822,19,94,2,50,39,1,2
1823,19,95,1,64,63,1,2
1824,19,96,3,36,22,1,2
865,20,1,3,76,26,1,1
866,20,2,2,76,42,1,1
867,20,3,1,55,69,1,1
868,20,4,2,77,46,1,1
869,20,5,1,63,54,2,1
870,20,6,3,66,7,2,1
871,20,7,2,75,46,2,1
872,20,8,1,38,59,2,1
873,20,9,4,67,41,0,0
874,20,10,4,55,14,0,0
875,20,11,4,43,20,0,0
876,20,12,4,63,54,0,0
877,20,13,2,56,41,2,2
878,20,14,1,69,65,2,2
879,20,15,2,69,35,2,2
880,20,16,3,75,14,2,2
881,20,17,1,57,63,1,2
882,20,18,3,73,3,1,2
883,20,19,2,70,35,1,2
884,20,20,1,65,59,1,2
885,20,21,4,46,41,0,0
886,20,22,4,69,20,0,0
887,20,23,4,61,14,0,0
888,20,24,4,62,54,0,0
889,20,25,2,65,42,2,2
890,20,26,1,69,65,2,2
891,20,27,2,76,41,2,2
892,20,28,3,76,20,2,2
893,20,29,3,71,14,2,1
894,20,30,1,36,65,2,1
895,20,31,2,76,29,2,1
896,20,32,1,69,65,2,1
897,20,33,2,76,41,2,2
898,20,34,3,79,14,2,2
899,20,35,1,76,65,2,2
900,20,36,3,75,14,2,2
901,20,37,4,50,20,0,0
902,20,38,4,58,35,0,0
903,20,39,4,44,50,0,0
904,20,40,4,72,63,0,0
905,20,41,3,73,7,1,2
906,20,42,1,57,71,1,2
907,20,43,2,69,41,1,2
908,20,44,3,65,14,1,2
909,20,45,2,67,40,2,1
910,20,46,1,78,59,2,1
911,20,47,3,56,14,2,1
912,20,48,1,75,59,2,1
1825,20,49,4,55,35,0,0
1826,20,50,4,72,65,0,0
1827,20,51,4,46,7,0,0
1828,20,52,4,54,42,0,0
1829,20,53,1,48,69,1,2
1830,20,54,3,77,14,1,2
1831,20,55,2,59,46,1,2
1832,20,56,1,78,65,1,2
1833,20,57,2,27,41,1,1
1834,20,58,3,67,28,1,1
1835,20,59,1,73,65,1,1
1836,20,60,3,67,14,1,1
1837,20,61,3,78,20,2,2
1838,20,62,1,77,71,2,2
1839,20,63,2,66,41,2,2
1840,20,64,3,78,20,2,2
1841,20,65,4,74,69,0,0
1842,20,66,4,30,44,0,0
1843,20,67,4,65,28,0,0
1844,20,68,4,69,33,0,0
1845,20,69,1,78,63,2,2
1846,20,70,3,78,22,2,2
1847,20,71,2,70,39,2,2
1848,20,72,1,75,57,2,2
1849,20,73,3,72,15,2,1
1850,20,74,1,71,63,2,1
1851,20,75,2,65,33,2,1
1852,20,76,1,77,52,2,1
1853,20,77,2,59,42,1,2
1854,20,78,3,73,9,1,2
1855,20,79,2,66,30,1,2
1856,20,80,3,69,9,1,2
1857,20,81,1,77,52,2,1
1858,20,82,1,75,69,2,1
1859,20,83,3,69,15,2,1
1860,20,84,2,61,33,2,1
1861,20,85,2,62,39,1,1
1862,20,86,3,60,15,1,1
1863,20,87,1,78,63,1,1
1864,20,88,2,55,39,1,1
1865,20,89,4,57,15,0,0
1866,20,90,4,77,57,0,0
1867,20,91,4,71,57,0,0
1868,20,92,4,61,22,0,0
1869,20,93,2,62,39,1,2
1870,20,94,2,69,39,1,2
1871,20,95,1,78,63,1,2
1872,20,96,3,73,22,1,2
913,21,1,3,55,26,1,1
914,21,2,2,52,42,1,1
915,21,3,1,48,69,1,1
916,21,4,2,0,46,1,1
917,21,5,1,55,54,2,1
918,21,6,3,42,7,2,1
919,21,7,2,72,46,2,1
920,21,8,1,66,59,2,1
921,21,9,4,35,41,0,0
922,21,10,4,66,14,0,0
923,21,11,4,68,20,0,0
924,21,12,4,0,54,0,0
925,21,13,2,72,41,2,2
926,21,14,1,71,65,2,2
927,21,15,2,57,35,2,2
928,21,16,3,75,14,2,2
929,21,17,1,73,63,1,2
930,21,18,3,77,3,1,2
931,21,19,2,51,35,1,2
932,21,20,1,67,59,1,2
933,21,21,4,0,41,0,0
934,21,22,4,25,20,0,0
935,21,23,4,37,14,0,0
936,21,24,4,59,54,0,0
937,21,25,2,52,42,2,2
938,21,26,1,36,65,2,2
939,21,27,2,56,41,2,2
940,21,28,3,43,20,2,2
941,21,29,3,23,14,2,1
942,21,30,1,71,65,2,1
943,21,31,2,50,29,2,1
944,21,32,1,71,65,2,1
945,21,33,2,45,41,2,2
946,21,34,3,53,14,2,2
947,21,35,1,74,65,2,2
948,21,36,3,47,14,2,2
949,21,37,4,31,20,0,0
950,21,38,4,55,35,0,0
951,21,39,4,36,50,0,0
952,21,40,4,69,63,0,0
953,21,41,3,57,7,1,2
954,21,42,1,77,71,1,2
955,21,43,2,66,41,1,2
956,21,44,3,53,14,1,2
957,21,45,2,48,40,2,1
958,21,46,1,69,59,2,1
959,21,47,3,33,14,2,1
960,21,48,1,76,59,2,1
1873,21,49,4,0,35,0,0
1874,21,50,4,0,65,0,0
1875,21,51,4,29,7,0,0
1876,21,52,4,36,42,0,0
1877,21,53,1,78,69,1,2
1878,21,54,3,55,14,1,2
1879,21,55,2,0,46,1,2
1880,21,56,1,77,65,1,2
1881,21,57,2,54,41,1,1
1882,21,58,3,41,28,1,1
1883,21,59,1,77,65,1,1
1884,21,60,3,42,14,1,1
1885,21,61,3,49,20,2,2
1886,21,62,1,77,71,2,2
1887,21,63,2,49,41,2,2
1888,21,64,3,44,20,2,2
1889,21,65,4,73,69,0,0
1890,21,66,4,30,44,0,0
1891,21,67,4,40,28,0,0
1892,21,68,4,44,33,0,0
1893,21,69,1,78,63,2,2
1894,21,70,3,45,22,2,2
1895,21,71,2,50,39,2,2
1896,21,72,1,79,57,2,2
1897,21,73,3,33,15,2,1
1898,21,74,1,74,63,2,1
1899,21,75,2,47,33,2,1
1900,21,76,1,71,52,2,1
1901,21,77,2,57,42,1,2
1902,21,78,3,51,9,1,2
1903,21,79,2,49,30,1,2
1904,21,80,3,42,9,1,2
1905,21,81,1,74,52,2,1
1906,21,82,1,0,69,2,1
1907,21,83,3,38,15,2,1
1908,21,84,2,48,33,2,1
1909,21,85,2,43,39,1,1
1910,21,86,3,29,15,1,1
1911,21,87,1,70,63,1,1
1912,21,88,2,52,39,1,1
1913,21,89,4,28,15,0,0
1914,21,90,4,66,57,0,0
1915,21,91,4,68,57,0,0
1916,21,92,4,29,22,0,0
1917,21,93,2,62,39,1,2
1918,21,94,2,54,39,1,2
1919,21,95,1,78,63,1,2
1920,21,96,3,52,22,1,2
1921,22,1,3,44,26,1,1
1922,22,2,2,28,42,1,1
1923,22,3,1,55,69,1,1
1924,22,4,2,32,46,1,1
1925,22,5,1,76,54,2,1
1926,22,6,3,13,7,2,1
1927,22,7,2,32,46,2,1
1928,22,8,1,75,59,2,1
1929,22,9,4,50,41,0,0
1930,22,10,4,44,14,0,0
1931,22,11,4,32,20,0,0
1932,22,12,4,40,54,0,0
1933,22,13,2,45,41,2,2
1934,22,14,1,36,65,2,2
1935,22,15,2,55,35,2,2
1936,22,16,3,51,14,2,2
1937,22,17,1,34,63,1,2
1938,22,18,3,38,3,1,2
1939,22,19,2,45,35,1,2
1940,22,20,1,75,59,1,2
1941,22,21,4,48,41,0,0
1942,22,22,4,46,20,0,0
1943,22,23,4,34,14,0,0
1944,22,24,4,69,54,0,0
1945,22,25,2,21,42,2,2
1946,22,26,1,71,65,2,2
1947,22,27,2,56,41,2,2
1948,22,28,3,27,20,2,2
1949,22,29,3,31,14,2,1
1950,22,30,1,73,65,2,1
1951,22,31,2,50,29,2,1
1952,22,32,1,36,65,2,1
1953,22,33,2,48,41,2,2
1954,22,34,3,25,14,2,2
1955,22,35,1,72,65,2,2
1956,22,36,3,26,14,2,2
1957,22,37,4,28,20,0,0
1958,22,38,4,21,35,0,0
1959,22,39,4,36,50,0,0
1960,22,40,4,72,63,0,0
1961,22,41,3,42,7,1,2
1962,22,42,1,35,71,1,2
1963,22,43,2,58,41,1,2
1964,22,44,3,24,14,1,2
1965,22,45,2,58,40,2,1
1966,22,46,1,71,59,2,1
1967,22,47,3,24,14,2,1
1968,22,48,1,73,59,2,1
2305,22,49,4,54,35,0,0
2306,22,50,4,44,65,0,0
2307,22,51,4,31,7,0,0
2308,22,52,4,50,42,0,0
2309,22,53,1,73,69,1,2
2310,22,54,3,22,14,1,2
2311,22,55,2,2,46,1,2
2312,22,56,1,73,65,1,2
2313,22,57,2,56,41,1,1
2314,22,58,3,14,28,1,1
2315,22,59,1,75,65,1,1
2316,22,60,3,28,14,1,1
2317,22,61,3,0,20,2,2
2318,22,62,1,78,71,2,2
2319,22,63,2,59,41,2,2
2320,22,64,3,31,20,2,2
2321,22,65,4,55,69,0,0
2322,22,66,4,54,44,0,0
2323,22,67,4,14,28,0,0
2324,22,68,4,59,33,0,0
2325,22,69,1,76,63,2,2
2326,22,70,3,33,22,2,2
2327,22,71,2,59,39,2,2
2328,22,72,1,75,57,2,2
2329,22,73,3,30,15,2,1
2330,22,74,1,75,63,2,1
2331,22,75,2,61,33,2,1
2332,22,76,1,67,52,2,1
2333,22,77,2,43,42,1,2
2334,22,78,3,28,9,1,2
2335,22,79,2,59,30,1,2
2336,22,80,3,73,9,1,2
2337,22,81,1,72,52,2,1
2338,22,82,1,55,69,2,1
2339,22,83,3,34,15,2,1
2340,22,84,2,57,33,2,1
2341,22,85,2,50,39,1,1
2342,22,86,3,23,15,1,1
2343,22,87,1,73,63,1,1
2344,22,88,2,51,39,1,1
2345,22,89,4,29,15,0,0
2346,22,90,4,62,57,0,0
2347,22,91,4,66,57,0,0
2348,22,92,4,28,22,0,0
2349,22,93,2,57,39,1,2
2350,22,94,2,0,39,1,2
2351,22,95,1,0,63,1,2
2352,22,96,3,0,22,1,2
1969,23,1,3,54,26,1,1
1970,23,2,2,47,42,1,1
1971,23,3,1,18,69,1,1
1972,23,4,2,62,46,1,1
1973,23,5,1,62,54,2,1
1974,23,6,3,63,7,2,1
1975,23,7,2,62,46,2,1
1976,23,8,1,67,59,2,1
1977,23,9,4,64,41,0,0
1978,23,10,4,43,14,0,0
1979,23,11,4,38,20,0,0
1980,23,12,4,40,54,0,0
1981,23,13,2,45,41,2,2
1982,23,14,1,69,65,2,2
1983,23,15,2,29,35,2,2
1984,23,16,3,45,14,2,2
1985,23,17,1,0,63,1,2
1986,23,18,3,34,3,1,2
1987,23,19,2,0,35,1,2
1988,23,20,1,70,59,1,2
1989,23,21,4,20,41,0,0
1990,23,22,4,29,20,0,0
1991,23,23,4,41,14,0,0
1992,23,24,4,66,54,0,0
1993,23,25,2,66,42,2,2
1994,23,26,1,70,65,2,2
1995,23,27,2,63,41,2,2
1996,23,28,3,29,20,2,2
1997,23,29,3,25,14,2,1
1998,23,30,1,70,65,2,1
1999,23,31,2,56,29,2,1
2000,23,32,1,66,65,2,1
2001,23,33,2,54,41,2,2
2002,23,34,3,25,14,2,2
2003,23,35,1,69,65,2,2
2004,23,36,3,24,14,2,2
2005,23,37,4,25,20,0,0
2006,23,38,4,0,35,0,0
2007,23,39,4,44,50,0,0
2008,23,40,4,71,63,0,0
2009,23,41,3,28,7,1,2
2010,23,42,1,42,71,1,2
2011,23,43,2,42,41,1,2
2012,23,44,3,21,14,1,2
2013,23,45,2,48,40,2,1
2014,23,46,1,75,59,2,1
2015,23,47,3,30,14,2,1
2016,23,48,1,73,59,2,1
2353,23,49,4,44,35,0,0
2354,23,50,4,44,65,0,0
2355,23,51,4,29,7,0,0
2356,23,52,4,21,42,0,0
2357,23,53,1,55,69,1,2
2358,23,54,3,32,14,1,2
2359,23,55,2,0,46,1,2
2360,23,56,1,21,65,1,2
2361,23,57,2,71,41,1,1
2362,23,58,3,55,28,1,1
2363,23,59,1,73,65,1,1
2364,23,60,3,25,14,1,1
2365,23,61,3,33,20,2,2
2366,23,62,1,72,71,2,2
2367,23,63,2,65,41,2,2
2368,23,64,3,49,20,2,2
2369,23,65,4,0,69,0,0
2370,23,66,4,62,44,0,0
2371,23,67,4,14,28,0,0
2372,23,68,4,63,33,0,0
2373,23,69,1,72,63,2,2
2374,23,70,3,37,22,2,2
2375,23,71,2,64,39,2,2
2376,23,72,1,75,57,2,2
2377,23,73,3,27,15,2,1
2378,23,74,1,72,63,2,1
2379,23,75,2,66,33,2,1
2380,23,76,1,71,52,2,1
2381,23,77,2,62,42,1,2
2382,23,78,3,19,9,1,2
2383,23,79,2,60,30,1,2
2384,23,80,3,27,9,1,2
2385,23,81,1,70,52,2,1
2386,23,82,1,48,69,2,1
2387,23,83,3,19,15,2,1
2388,23,84,2,71,33,2,1
2389,23,85,2,51,39,1,1
2390,23,86,3,26,15,1,1
2391,23,87,1,57,63,1,1
2392,23,88,2,59,39,1,1
2393,23,89,4,16,15,0,0
2394,23,90,4,66,57,0,0
2395,23,91,4,70,57,0,0
2396,23,92,4,23,22,0,0
2397,23,93,2,58,39,1,2
2398,23,94,2,61,39,1,2
2399,23,95,1,69,63,1,2
2400,23,96,3,29,22,1,2
2017,24,1,3,61,26,1,1
2018,24,2,2,58,42,1,1
2019,24,3,1,33,69,1,1
2020,24,4,2,40,46,1,1
2021,24,5,1,76,54,2,1
2022,24,6,3,41,7,2,1
2023,24,7,2,56,46,2,1
2024,24,8,1,66,59,2,1
2025,24,9,4,56,41,0,0
2026,24,10,4,25,14,0,0
2027,24,11,4,29,20,0,0
2028,24,12,4,69,54,0,0
2029,24,13,2,62,41,2,2
2030,24,14,1,51,65,2,2
2031,24,15,2,66,35,2,2
2032,24,16,3,37,14,2,2
2033,24,17,1,71,63,1,2
2034,24,18,3,33,3,1,2
2035,24,19,2,59,35,1,2
2036,24,20,1,60,59,1,2
2037,24,21,4,57,41,0,0
2038,24,22,4,33,20,0,0
2039,24,23,4,30,14,0,0
2040,24,24,4,69,54,0,0
2041,24,25,2,64,42,2,2
2042,24,26,1,59,65,2,2
2043,24,27,2,61,41,2,2
2044,24,28,3,34,20,2,2
2045,24,29,3,32,14,2,1
2046,24,30,1,71,65,2,1
2047,24,31,2,60,29,2,1
2048,24,32,1,72,65,2,1
2049,24,33,2,57,41,2,2
2050,24,34,3,30,14,2,2
2051,24,35,1,70,65,2,2
2052,24,36,3,31,14,2,2
2053,24,37,4,33,20,0,0
2054,24,38,4,60,35,0,0
2055,24,39,4,58,50,0,0
2056,24,40,4,69,63,0,0
2057,24,41,3,29,7,1,2
2058,24,42,1,50,71,1,2
2059,24,43,2,67,41,1,2
2060,24,44,3,27,14,1,2
2061,24,45,2,59,40,2,1
2062,24,46,1,72,59,2,1
2063,24,47,3,32,14,2,1
2064,24,48,1,70,59,2,1
2401,24,49,4,6,35,0,0
2402,24,50,4,74,65,0,0
2403,24,51,4,33,7,0,0
2404,24,52,4,57,42,0,0
2405,24,53,1,48,69,1,2
2406,24,54,3,28,14,1,2
2407,24,55,2,58,46,1,2
2408,24,56,1,73,65,1,2
2409,24,57,2,62,41,1,1
2410,24,58,3,14,28,1,1
2411,24,59,1,74,65,1,1
2412,24,60,3,34,14,1,1
2413,24,61,3,30,20,2,2
2414,24,62,1,77,71,2,2
2415,24,63,2,66,41,2,2
2416,24,64,3,30,20,2,2
2417,24,65,4,55,69,0,0
2418,24,66,4,60,44,0,0
2419,24,67,4,14,28,0,0
2420,24,68,4,66,33,0,0
2421,24,69,1,76,63,2,2
2422,24,70,3,37,22,2,2
2423,24,71,2,60,39,2,2
2424,24,72,1,75,57,2,2
2425,24,73,3,32,15,2,1
2426,24,74,1,73,63,2,1
2427,24,75,2,63,33,2,1
2428,24,76,1,72,52,2,1
2429,24,77,2,60,42,1,2
2430,24,78,3,34,9,1,2
2431,24,79,2,60,30,1,2
2432,24,80,3,31,9,1,2
2433,24,81,1,71,52,2,1
2434,24,82,1,70,69,2,1
2435,24,83,3,30,15,2,1
2436,24,84,2,56,33,2,1
2437,24,85,2,53,39,1,1
2438,24,86,3,27,15,1,1
2439,24,87,1,73,63,1,1
2440,24,88,2,52,39,1,1
2441,24,89,4,24,15,0,0
2442,24,90,4,71,57,0,0
2443,24,91,4,70,57,0,0
2444,24,92,4,26,22,0,0
2445,24,93,2,59,39,1,2
2446,24,94,2,54,39,1,2
2447,24,95,1,75,63,1,2
2448,24,96,3,31,22,1,2
2065,25,1,3,52,26,1,1
2066,25,2,2,13,42,1,1
2067,25,3,1,48,69,1,1
2068,25,4,2,63,46,1,1
2069,25,5,1,68,54,2,1
2070,25,6,3,50,7,2,1
2071,25,7,2,66,46,2,1
2072,25,8,1,45,59,2,1
2073,25,9,4,68,41,0,0
2074,25,10,4,40,14,0,0
2075,25,11,4,34,20,0,0
2076,25,12,4,64,54,0,0
2077,25,13,2,63,41,2,2
2078,25,14,1,6,65,2,2
2079,25,15,2,61,35,2,2
2080,25,16,3,38,14,2,2
2081,25,17,1,64,63,1,2
2082,25,18,3,35,3,1,2
2083,25,19,2,54,35,1,2
2084,25,20,1,71,59,1,2
2085,25,21,4,45,41,0,0
2086,25,22,4,32,20,0,0
2087,25,23,4,25,14,0,0
2088,25,24,4,70,54,0,0
2089,25,25,2,58,42,2,2
2090,25,26,1,70,65,2,2
2091,25,27,2,52,41,2,2
2092,25,28,3,30,20,2,2
2093,25,29,3,32,14,2,1
2094,25,30,1,14,65,2,1
2095,25,31,2,57,29,2,1
2096,25,32,1,70,65,2,1
2097,25,33,2,45,41,2,2
2098,25,34,3,25,14,2,2
2099,25,35,1,70,65,2,2
2100,25,36,3,22,14,2,2
2101,25,37,4,29,20,0,0
2102,25,38,4,57,35,0,0
2103,25,39,4,55,50,0,0
2104,25,40,4,73,63,0,0
2105,25,41,3,33,7,1,2
2106,25,42,1,42,71,1,2
2107,25,43,2,58,41,1,2
2108,25,44,3,25,14,1,2
2109,25,45,2,53,40,2,1
2110,25,46,1,73,59,2,1
2111,25,47,3,28,14,2,1
2112,25,48,1,68,59,2,1
2449,25,49,4,49,35,0,0
2450,25,50,4,72,65,0,0
2451,25,51,4,24,7,0,0
2452,25,52,4,54,42,0,0
2453,25,53,1,55,69,1,2
2454,25,54,3,30,14,1,2
2455,25,55,2,55,46,1,2
2456,25,56,1,72,65,1,2
2457,25,57,2,54,41,1,1
2458,25,58,3,22,28,1,1
2459,25,59,1,74,65,1,1
2460,25,60,3,36,14,1,1
2461,25,61,3,33,20,2,2
2462,25,62,1,57,71,2,2
2463,25,63,2,52,41,2,2
2464,25,64,3,35,20,2,2
2465,25,65,4,73,69,0,0
2466,25,66,4,55,44,0,0
2467,25,67,4,14,28,0,0
2468,25,68,4,51,33,0,0
2469,25,69,1,74,63,2,2
2470,25,70,3,34,22,2,2
2471,25,71,2,58,39,2,2
2472,25,72,1,73,57,2,2
2473,25,73,3,57,15,2,1
2474,25,74,1,72,63,2,1
2475,25,75,2,56,33,2,1
2476,25,76,1,72,52,2,1
2477,25,77,2,53,42,1,2
2478,25,78,3,31,9,1,2
2479,25,79,2,52,30,1,2
2480,25,80,3,23,9,1,2
2481,25,81,1,71,52,2,1
2482,25,82,1,55,69,2,1
2483,25,83,3,23,15,2,1
2484,25,84,2,50,33,2,1
2485,25,85,2,51,39,1,1
2486,25,86,3,27,15,1,1
2487,25,87,1,72,63,1,1
2488,25,88,2,50,39,1,1
2489,25,89,4,28,15,0,0
2490,25,90,4,75,57,0,0
2491,25,91,4,74,57,0,0
2492,25,92,4,44,22,0,0
2493,25,93,2,50,39,1,2
2494,25,94,2,50,39,1,2
2495,25,95,1,70,63,1,2
2496,25,96,3,29,22,1,2
2113,26,1,3,48,26,1,1
2114,26,2,2,54,42,1,1
2115,26,3,1,40,69,1,1
2116,26,4,2,62,46,1,1
2117,26,5,1,63,54,2,1
2118,26,6,3,64,7,2,1
2119,26,7,2,58,46,2,1
2120,26,8,1,38,59,2,1
2121,26,9,4,57,41,0,0
2122,26,10,4,39,14,0,0
2123,26,11,4,35,20,0,0
2124,26,12,4,33,54,0,0
2125,26,13,2,66,41,2,2
2126,26,14,1,44,65,2,2
2127,26,15,2,62,35,2,2
2128,26,16,3,57,14,2,2
2129,26,17,1,76,63,1,2
2130,26,18,3,38,3,1,2
2131,26,19,2,36,35,1,2
2132,26,20,1,76,59,1,2
2133,26,21,4,27,41,0,0
2134,26,22,4,24,20,0,0
2135,26,23,4,40,14,0,0
2136,26,24,4,62,54,0,0
2137,26,25,2,51,42,2,2
2138,26,26,1,29,65,2,2
2139,26,27,2,67,41,2,2
2140,26,28,3,42,20,2,2
2141,26,29,3,39,14,2,1
2142,26,30,1,77,65,2,1
2143,26,31,2,45,29,2,1
2144,26,32,1,74,65,2,1
2145,26,33,2,52,41,2,2
2146,26,34,3,30,14,2,2
2147,26,35,1,36,65,2,2
2148,26,36,3,35,14,2,2
2149,26,37,4,21,20,0,0
2150,26,38,4,14,35,0,0
2151,26,39,4,58,50,0,0
2152,26,40,4,70,63,0,0
2153,26,41,3,35,7,1,2
2154,26,42,1,50,71,1,2
2155,26,43,2,49,41,1,2
2156,26,44,3,34,14,1,2
2157,26,45,2,45,40,2,1
2158,26,46,1,72,59,2,1
2159,26,47,3,31,14,2,1
2160,26,48,1,69,59,2,1
2497,26,49,4,68,35,0,0
2498,26,50,4,0,65,0,0
2499,26,51,4,49,7,0,0
2500,26,52,4,47,42,0,0
2501,26,53,1,55,69,1,2
2502,26,54,3,25,14,1,2
2503,26,55,2,40,46,1,2
2504,26,56,1,75,65,1,2
2505,26,57,2,52,41,1,1
2506,26,58,3,29,28,1,1
2507,26,59,1,44,65,1,1
2508,26,60,3,35,14,1,1
2509,26,61,3,30,20,2,2
2510,26,62,1,42,71,2,2
2511,26,63,2,71,41,2,2
2512,26,64,3,31,20,2,2
2513,26,65,4,78,69,0,0
2514,26,66,4,66,44,0,0
2515,26,67,4,35,28,0,0
2516,26,68,4,57,33,0,0
2517,26,69,1,78,63,2,2
2518,26,70,3,38,22,2,2
2519,26,71,2,69,39,2,2
2520,26,72,1,75,57,2,2
2521,26,73,3,31,15,2,1
2522,26,74,1,70,63,2,1
2523,26,75,2,53,33,2,1
2524,26,76,1,66,52,2,1
2525,26,77,2,60,42,1,2
2526,26,78,3,34,9,1,2
2527,26,79,2,62,30,1,2
2528,26,80,3,33,9,1,2
2529,26,81,1,69,52,2,1
2530,26,82,1,55,69,2,1
2531,26,83,3,39,15,2,1
2532,26,84,2,51,33,2,1
2533,26,85,2,56,39,1,1
2534,26,86,3,41,15,1,1
2535,26,87,1,76,63,1,1
2536,26,88,2,51,39,1,1
2537,26,89,4,40,15,0,0
2538,26,90,4,0,57,0,0
2539,26,91,4,68,57,0,0
2540,26,92,4,38,22,0,0
2541,26,93,2,60,39,1,2
2542,26,94,2,53,39,1,2
2543,26,95,1,4,63,1,2
2544,26,96,3,43,22,1,2
2161,27,1,3,66,26,1,1
2162,27,2,2,50,42,1,1
2163,27,3,1,33,69,1,1
2164,27,4,2,50,46,1,1
2165,27,5,1,79,54,2,1
2166,27,6,3,40,7,2,1
2167,27,7,2,47,46,2,1
2168,27,8,1,74,59,2,1
2169,27,9,4,76,41,0,0
2170,27,10,4,33,14,0,0
2171,27,11,4,27,20,0,0
2172,27,12,4,78,54,0,0
2173,27,13,2,55,41,2,2
2174,27,14,1,72,65,2,2
2175,27,15,2,60,35,2,2
2176,27,16,3,26,14,2,2
2177,27,17,1,74,63,1,2
2178,27,18,3,30,3,1,2
2179,27,19,2,50,35,1,2
2180,27,20,1,71,59,1,2
2181,27,21,4,0,41,0,0
2182,27,22,4,6,20,0,0
2183,27,23,4,43,14,0,0
2184,27,24,4,68,54,0,0
2185,27,25,2,48,42,2,2
2186,27,26,1,29,65,2,2
2187,27,27,2,0,41,2,2
2188,27,28,3,37,20,2,2
2189,27,29,3,44,14,2,1
2190,27,30,1,73,65,2,1
2191,27,31,2,50,29,2,1
2192,27,32,1,73,65,2,1
2193,27,33,2,46,41,2,2
2194,27,34,3,39,14,2,2
2195,27,35,1,74,65,2,2
2196,27,36,3,34,14,2,2
2197,27,37,4,72,20,0,0
2198,27,38,4,78,35,0,0
2199,27,39,4,57,50,0,0
2200,27,40,4,79,63,0,0
2201,27,41,3,49,7,1,2
2202,27,42,1,75,71,1,2
2203,27,43,2,56,41,1,2
2204,27,44,3,36,14,1,2
2205,27,45,2,45,40,2,1
2206,27,46,1,77,59,2,1
2207,27,47,3,19,14,2,1
2208,27,48,1,75,59,2,1
2545,27,49,4,79,35,0,0
2546,27,50,4,79,65,0,0
2547,27,51,4,79,7,0,0
2548,27,52,4,49,42,0,0
2549,27,53,1,76,69,1,2
2550,27,54,3,30,14,1,2
2551,27,55,2,47,46,1,2
2552,27,56,1,76,65,1,2
2553,27,57,2,52,41,1,1
2554,27,58,3,14,28,1,1
2555,27,59,1,78,65,1,1
2556,27,60,3,44,14,1,1
2557,27,61,3,40,20,2,2
2558,27,62,1,0,71,2,2
2559,27,63,2,60,41,2,2
2560,27,64,3,32,20,2,2
2561,27,65,4,48,69,0,0
2562,27,66,4,23,44,0,0
2563,27,67,4,52,28,0,0
2564,27,68,4,52,33,0,0
2565,27,69,1,77,63,2,2
2566,27,70,3,37,22,2,2
2567,27,71,2,52,39,2,2
2568,27,72,1,77,57,2,2
2569,27,73,3,40,15,2,1
2570,27,74,1,72,63,2,1
2571,27,75,2,52,33,2,1
2572,27,76,1,76,52,2,1
2573,27,77,2,48,42,1,2
2574,27,78,3,47,9,1,2
2575,27,79,2,51,30,1,2
2576,27,80,3,32,9,1,2
2577,27,81,1,74,52,2,1
2578,27,82,1,70,69,2,1
2579,27,83,3,31,15,2,1
2580,27,84,2,51,33,2,1
2581,27,85,2,46,39,1,1
2582,27,86,3,37,15,1,1
2583,27,87,1,70,63,1,1
2584,27,88,2,49,39,1,1
2585,27,89,4,38,15,0,0
2586,27,90,4,72,57,0,0
2587,27,91,4,71,57,0,0
2588,27,92,4,29,22,0,0
2589,27,93,2,40,39,1,2
2590,27,94,2,52,39,1,2
2591,27,95,1,74,63,1,2
2592,27,96,3,39,22,1,2
2209,28,1,3,75,26,1,1
2210,28,2,2,68,42,1,1
2211,28,3,1,48,69,1,1
2212,28,4,2,63,46,1,1
2213,28,5,1,79,54,2,1
2214,28,6,3,58,7,2,1
2215,28,7,2,63,46,2,1
2216,28,8,1,79,59,2,1
2217,28,9,4,64,41,0,0
2218,28,10,4,57,14,0,0
2219,28,11,4,49,20,0,0
2220,28,12,4,76,54,0,0
2221,28,13,2,65,41,2,2
2222,28,14,1,79,65,2,2
2223,28,15,2,57,35,2,2
2224,28,16,3,57,14,2,2
2225,28,17,1,79,63,1,2
2226,28,18,3,65,3,1,2
2227,28,19,2,59,35,1,2
2228,28,20,1,75,59,1,2
2229,28,21,4,65,41,0,0
2230,28,22,4,53,20,0,0
2231,28,23,4,52,14,0,0
2232,28,24,4,77,54,0,0
2233,28,25,2,68,42,2,2
2234,28,26,1,79,65,2,2
2235,28,27,2,64,41,2,2
2236,28,28,3,62,20,2,2
2237,28,29,3,54,14,2,1
2238,28,30,1,79,65,2,1
2239,28,31,2,63,29,2,1
2240,28,32,1,79,65,2,1
2241,28,33,2,58,41,2,2
2242,28,34,3,58,14,2,2
2243,28,35,1,78,65,2,2
2244,28,36,3,58,14,2,2
2245,28,37,4,50,20,0,0
2246,28,38,4,63,35,0,0
2247,28,39,4,63,50,0,0
2248,28,40,4,78,63,0,0
2249,28,41,3,63,7,1,2
2250,28,42,1,79,71,1,2
2251,28,43,2,66,41,1,2
2252,28,44,3,57,14,1,2
2253,28,45,2,60,40,2,1
2254,28,46,1,79,59,2,1
2255,28,47,3,54,14,2,1
2256,28,48,1,79,59,2,1
2593,28,49,4,77,35,0,0
2594,28,50,4,69,65,0,0
2595,28,51,4,63,7,0,0
2596,28,52,4,64,42,0,0
2597,28,53,1,76,69,1,2
2598,28,54,3,57,14,1,2
2599,28,55,2,66,46,1,2
2600,28,56,1,79,65,1,2
2601,28,57,2,64,41,1,1
2602,28,58,3,59,28,1,1
2603,28,59,1,78,65,1,1
2604,28,60,3,56,14,1,1
2605,28,61,3,59,20,2,2
2606,28,62,1,79,71,2,2
2607,28,63,2,63,41,2,2
2608,28,64,3,55,20,2,2
2609,28,65,4,78,69,0,0
2610,28,66,4,67,44,0,0
2611,28,67,4,53,28,0,0
2612,28,68,4,66,33,0,0
2613,28,69,1,79,63,2,2
2614,28,70,3,56,22,2,2
2615,28,71,2,64,39,2,2
2616,28,72,1,79,57,2,2
2617,28,73,3,55,15,2,1
2618,28,74,1,79,63,2,1
2619,28,75,2,65,33,2,1
2620,28,76,1,76,52,2,1
2621,28,77,2,64,42,1,2
2622,28,78,3,58,9,1,2
2623,28,79,2,62,30,1,2
2624,28,80,3,56,9,1,2
2625,28,81,1,79,52,2,1
2626,28,82,1,79,69,2,1
2627,28,83,3,58,15,2,1
2628,28,84,2,64,33,2,1
2629,28,85,2,59,39,1,1
2630,28,86,3,55,15,1,1
2631,28,87,1,79,63,1,1
2632,28,88,2,62,39,1,1
2633,28,89,4,52,15,0,0
2634,28,90,4,79,57,0,0
2635,28,91,4,78,57,0,0
2636,28,92,4,54,22,0,0
2637,28,93,2,65,39,1,2
2638,28,94,2,64,39,1,2
2639,28,95,1,79,63,1,2
2640,28,96,3,56,22,1,2
2257,29,1,3,47,26,1,1
2258,29,2,2,59,42,1,1
2259,29,3,1,55,69,1,1
2260,29,4,2,66,46,1,1
2261,29,5,1,68,54,2,1
2262,29,6,3,60,7,2,1
2263,29,7,2,61,46,2,1
2264,29,8,1,53,59,2,1
2265,29,9,4,49,41,0,0
2266,29,10,4,29,14,0,0
2267,29,11,4,37,20,0,0
2268,29,12,4,65,54,0,0
2269,29,13,2,65,41,2,2
2270,29,14,1,72,65,2,2
2271,29,15,2,60,35,2,2
2272,29,16,3,54,14,2,2
2273,29,17,1,72,63,1,2
2274,29,18,3,28,3,1,2
2275,29,19,2,41,35,1,2
2276,29,20,1,74,59,1,2
2277,29,21,4,35,41,0,0
2278,29,22,4,44,20,0,0
2279,29,23,4,27,14,0,0
2280,29,24,4,73,54,0,0
2281,29,25,2,53,42,2,2
2282,29,26,1,71,65,2,2
2283,29,27,2,52,41,2,2
2284,29,28,3,38,20,2,2
2285,29,29,3,45,14,2,1
2286,29,30,1,73,65,2,1
2287,29,31,2,50,29,2,1
2288,29,32,1,73,65,2,1
2289,29,33,2,52,41,2,2
2290,29,34,3,36,14,2,2
2291,29,35,1,74,65,2,2
2292,29,36,3,31,14,2,2
2293,29,37,4,31,20,0,0
2294,29,38,4,51,35,0,0
2295,29,39,4,51,50,0,0
2296,29,40,4,74,63,0,0
2297,29,41,3,32,7,1,2
2298,29,42,1,72,71,1,2
2299,29,43,2,61,41,1,2
2300,29,44,3,32,14,1,2
2301,29,45,2,51,40,2,1
2302,29,46,1,75,59,2,1
2303,29,47,3,23,14,2,1
2304,29,48,1,74,59,2,1
2641,29,49,4,43,35,0,0
2642,29,50,4,51,65,0,0
2643,29,51,4,34,7,0,0
2644,29,52,4,21,42,0,0
2645,29,53,1,76,69,1,2
2646,29,54,3,31,14,1,2
2647,29,55,2,32,46,1,2
2648,29,56,1,78,65,1,2
2649,29,57,2,53,41,1,1
2650,29,58,3,0,28,1,1
2651,29,59,1,77,65,1,1
2652,29,60,3,41,14,1,1
2653,29,61,3,32,20,2,2
2654,29,62,1,65,71,2,2
2655,29,63,2,62,41,2,2
2656,29,64,3,35,20,2,2
2657,29,65,4,18,69,0,0
2658,29,66,4,63,44,0,0
2659,29,67,4,33,28,0,0
2660,29,68,4,52,33,0,0
2661,29,69,1,74,63,2,2
2662,29,70,3,37,22,2,2
2663,29,71,2,55,39,2,2
2664,29,72,1,78,57,2,2
2665,29,73,3,32,15,2,1
2666,29,74,1,77,63,2,1
2667,29,75,2,51,33,2,1
2668,29,76,1,63,52,2,1
2669,29,77,2,55,42,1,2
2670,29,78,3,42,9,1,2
2671,29,79,2,51,30,1,2
2672,29,80,3,31,9,1,2
2673,29,81,1,67,52,2,1
2674,29,82,1,55,69,2,1
2675,29,83,3,30,15,2,1
2676,29,84,2,46,33,2,1
2677,29,85,2,46,39,1,1
2678,29,86,3,31,15,1,1
2679,29,87,1,64,63,1,1
2680,29,88,2,49,39,1,1
2681,29,89,4,30,15,0,0
2682,29,90,4,69,57,0,0
2683,29,91,4,68,57,0,0
2684,29,92,4,31,22,0,0
2685,29,93,2,51,39,1,2
2686,29,94,2,51,39,1,2
2687,29,95,1,68,63,1,2
2688,29,96,3,28,22,1,2
