row.number,subject,trial,color,FID,AD
1,1,1,3,0,26
2,1,2,2,56,42
3,1,3,1,55,69
4,1,4,2,32,46
5,1,5,1,40,54
6,1,6,3,64,7
7,1,7,2,32,46
8,1,8,1,45,59
9,1,9,4,54,41
10,1,10,4,50,14
11,1,11,4,31,20
12,1,12,4,40,54
13,1,13,2,55,41
14,1,14,1,51,65
15,1,15,2,55,35
16,1,16,3,57,14
17,1,17,1,49,63
18,1,18,3,65,3
19,1,19,2,40,35
20,1,20,1,45,59
21,1,21,4,42,41
22,1,22,4,53,20
23,1,23,4,41,14
24,1,24,4,40,54
25,1,25,2,57,42
26,1,26,1,51,65
27,1,27,2,54,41
28,1,28,3,42,20
29,1,29,3,37,14
30,1,30,1,51,65
31,1,31,2,45,29
32,1,32,1,51,65
33,1,33,2,61,41
34,1,34,3,51,14
35,1,35,1,73,65
36,1,36,3,47,14
37,1,37,4,28,20
38,1,38,4,49,35
39,1,39,4,36,50
40,1,40,4,68,63
41,1,41,3,47,7
42,1,42,1,57,71
43,1,43,2,49,41
44,1,44,3,44,14
45,1,45,2,34,40
46,1,46,1,71,59
47,1,47,3,31,14
48,1,48,1,72,59
49,2,1,3,68,26
50,2,2,2,53,42
51,2,3,1,48,69
52,2,4,2,57,46
53,2,5,1,65,54
54,2,6,3,38,7
55,2,7,2,0,46
56,2,8,1,67,59
57,2,9,4,62,41
58,2,10,4,33,14
59,2,11,4,29,20
60,2,12,4,65,54
61,2,13,2,57,41
62,2,14,1,69,65
63,2,15,2,53,35
64,2,16,3,42,14
65,2,17,1,49,63
66,2,18,3,77,3
67,2,19,2,50,35
68,2,20,1,73,59
69,2,21,4,47,41
70,2,22,4,40,20
71,2,23,4,44,14
72,2,24,4,70,54
73,2,25,2,54,42
74,2,26,1,66,65
75,2,27,2,55,41
76,2,28,3,46,20
77,2,29,3,32,14
78,2,30,1,70,65
79,2,31,2,51,29
80,2,32,1,70,65
81,2,33,2,54,41
82,2,34,3,36,14
83,2,35,1,71,65
84,2,36,3,37,14
85,2,37,4,25,20
86,2,38,4,54,35
87,2,39,4,29,50
88,2,40,4,73,63
89,2,41,3,43,7
90,2,42,1,72,71
91,2,43,2,49,41
92,2,44,3,42,14
93,2,45,2,50,40
94,2,46,1,72,59
95,2,47,3,31,14
96,2,48,1,71,59
97,3,1,3,47,26
98,3,2,2,36,42
99,3,3,1,55,69
100,3,4,2,2,46
101,3,5,1,76,54
102,3,6,3,41,7
103,3,7,2,59,46
104,3,8,1,64,59
105,3,9,4,55,41
106,3,10,4,29,14
107,3,11,4,25,20
108,3,12,4,70,54
109,3,13,2,63,41
110,3,14,1,29,65
111,3,15,2,53,35
112,3,16,3,39,14
113,3,17,1,64,63
114,3,18,3,40,3
115,3,19,2,45,35
116,3,20,1,66,59
117,3,21,4,46,41
118,3,22,4,21,20
119,3,23,4,26,14
120,3,24,4,63,54
121,3,25,2,53,42
122,3,26,1,66,65
123,3,27,2,49,41
124,3,28,3,37,20
125,3,29,3,27,14
126,3,30,1,70,65
127,3,31,2,48,29
128,3,32,1,66,65
129,3,33,2,35,41
130,3,34,3,34,14
131,3,35,1,51,65
132,3,36,3,32,14
133,3,37,4,26,20
134,3,38,4,50,35
135,3,39,4,0,50
136,3,40,4,71,63
137,3,41,3,35,7
138,3,42,1,57,71
139,3,43,2,53,41
140,3,44,3,32,14
141,3,45,2,47,40
142,3,46,1,72,59
143,3,47,3,25,14
144,3,48,1,69,59
145,4,1,3,49,26
146,4,2,2,36,42
147,4,3,1,55,69
148,4,4,2,40,46
149,4,5,1,48,54
150,4,6,3,45,7
151,4,7,2,69,46
152,4,8,1,70,59
153,4,9,4,35,41
154,4,10,4,32,14
155,4,11,4,32,20
156,4,12,4,70,54
157,4,13,2,64,41
158,4,14,1,69,65
159,4,15,2,48,35
160,4,16,3,36,14
161,4,17,1,71,63
162,4,18,3,41,3
163,4,19,2,55,35
164,4,20,1,68,59
165,4,21,4,27,41
166,4,22,4,26,20
167,4,23,4,30,14
168,4,24,4,73,54
169,4,25,2,54,42
170,4,26,1,70,65
171,4,27,2,61,41
172,4,28,3,34,20
173,4,29,3,32,14
174,4,30,1,0,65
175,4,31,2,64,29
176,4,32,1,73,65
177,4,33,2,57,41
178,4,34,3,37,14
179,4,35,1,71,65
180,4,36,3,37,14
181,4,37,4,27,20
182,4,38,4,57,35
183,4,39,4,14,50
184,4,40,4,70,63
185,4,41,3,43,7
186,4,42,1,0,71
187,4,43,2,52,41
188,4,44,3,38,14
189,4,45,2,50,40
190,4,46,1,75,59
191,4,47,3,31,14
192,4,48,1,72,59
193,5,1,3,55,26
194,5,2,2,67,42
195,5,3,1,0,69
196,5,4,2,0,46
197,5,5,1,72,54
198,5,6,3,48,7
199,5,7,2,52,46
200,5,8,1,65,59
201,5,9,4,0,41
202,5,10,4,0,14
203,5,11,4,0,20
204,5,12,4,18,54
205,5,13,2,51,41
206,5,14,1,51,65
207,5,15,2,53,35
208,5,16,3,38,14
209,5,17,1,67,63
210,5,18,3,38,3
211,5,19,2,51,35
212,5,20,1,69,59
213,5,21,4,0,41
214,5,22,4,21,20
215,5,23,4,27,14
216,5,24,4,67,54
217,5,25,2,50,42
218,5,26,1,0,65
219,5,27,2,50,41
220,5,28,3,38,20
221,5,29,3,29,14
222,5,30,1,66,65
223,5,31,2,51,29
224,5,32,1,21,65
225,5,33,2,51,41
226,5,34,3,40,14
227,5,35,1,44,65
228,5,36,3,39,14
229,5,37,4,21,20
230,5,38,4,21,35
231,5,39,4,0,50
232,5,40,4,69,63
233,5,41,3,34,7
234,5,42,1,0,71
235,5,43,2,57,41
236,5,44,3,31,14
237,5,45,2,51,40
238,5,46,1,71,59
239,5,47,3,24,14
240,5,48,1,67,59
241,6,1,3,67,26
242,6,2,2,68,42
243,6,3,1,48,69
244,6,4,2,60,46
245,6,5,1,72,54
246,6,6,3,40,7
247,6,7,2,53,46
248,6,8,1,65,59
249,6,9,4,46,41
250,6,10,4,24,14
251,6,11,4,28,20
252,6,12,4,59,54
253,6,13,2,60,41
254,6,14,1,59,65
255,6,15,2,58,35
256,6,16,3,43,14
257,6,17,1,71,63
258,6,18,3,44,3
259,6,19,2,59,35
260,6,20,1,70,59
261,6,21,4,35,41
262,6,22,4,6,20
263,6,23,4,24,14
264,6,24,4,70,54
265,6,25,2,51,42
266,6,26,1,69,65
267,6,27,2,58,41
268,6,28,3,53,20
269,6,29,3,32,14
270,6,30,1,66,65
271,6,31,2,54,29
272,6,32,1,44,65
273,6,33,2,54,41
274,6,34,3,48,14
275,6,35,1,70,65
276,6,36,3,43,14
277,6,37,4,14,20
278,6,38,4,41,35
279,6,39,4,44,50
280,6,40,4,12,63
281,6,41,3,41,7
282,6,42,1,57,71
283,6,43,2,56,41
284,6,44,3,49,14
285,6,45,2,51,40
286,6,46,1,73,59
287,6,47,3,30,14
288,6,48,1,69,59
289,7,1,3,60,26
290,7,2,2,64,42
291,7,3,1,55,69
292,7,4,2,64,46
293,7,5,1,71,54
294,7,6,3,50,7
295,7,7,2,55,46
296,7,8,1,64,59
297,7,9,4,47,41
298,7,10,4,42,14
299,7,11,4,24,20
300,7,12,4,55,54
301,7,13,2,51,41
302,7,14,1,66,65
303,7,15,2,57,35
304,7,16,3,57,14
305,7,17,1,57,63
306,7,18,3,55,3
307,7,19,2,57,35
308,7,20,1,71,59
309,7,21,4,45,41
310,7,22,4,49,20
311,7,23,4,33,14
312,7,24,4,62,54
313,7,25,2,55,42
314,7,26,1,69,65
315,7,27,2,64,41
316,7,28,3,52,20
317,7,29,3,35,14
318,7,30,1,51,65
319,7,31,2,64,29
320,7,32,1,69,65
321,7,33,2,61,41
322,7,34,3,47,14
323,7,35,1,71,65
324,7,36,3,47,14
325,7,37,4,33,20
326,7,38,4,54,35
327,7,39,4,54,50
328,7,40,4,70,63
329,7,41,3,54,7
330,7,42,1,65,71
331,7,43,2,73,41
332,7,44,3,51,14
333,7,45,2,56,40
334,7,46,1,69,59
335,7,47,3,35,14
336,7,48,1,66,59
337,8,1,3,59,26
338,8,2,2,59,42
339,8,3,1,48,69
340,8,4,2,40,46
341,8,5,1,72,54
342,8,6,3,50,7
343,8,7,2,47,46
344,8,8,1,45,59
345,8,9,4,50,41
346,8,10,4,26,14
347,8,11,4,6,20
348,8,12,4,66,54
349,8,13,2,70,41
350,8,14,1,69,65
351,8,15,2,61,35
352,8,16,3,50,14
353,8,17,1,27,63
354,8,18,3,40,3
355,8,19,2,49,35
356,8,20,1,69,59
357,8,21,4,50,41
358,8,22,4,14,20
359,8,23,4,22,14
360,8,24,4,70,54
361,8,25,2,51,42
362,8,26,1,51,65
363,8,27,2,55,41
364,8,28,3,38,20
365,8,29,3,29,14
366,8,30,1,71,65
367,8,31,2,42,29
368,8,32,1,51,65
369,8,33,2,52,41
370,8,34,3,42,14
371,8,35,1,77,65
372,8,36,3,35,14
373,8,37,4,28,20
374,8,38,4,48,35
375,8,39,4,36,50
376,8,40,4,71,63
377,8,41,3,45,7
378,8,42,1,72,71
379,8,43,2,63,41
380,8,44,3,43,14
381,8,45,2,48,40
382,8,46,1,75,59
383,8,47,3,35,14
384,8,48,1,72,59
385,9,1,3,44,26
386,9,2,2,28,42
387,9,3,1,77,69
388,9,4,2,57,46
389,9,5,1,69,54
390,9,6,3,15,7
391,9,7,2,40,46
392,9,8,1,64,59
393,9,9,4,35,41
394,9,10,4,28,14
395,9,11,4,30,20
396,9,12,4,65,54
397,9,13,2,53,41
398,9,14,1,75,65
399,9,15,2,53,35
400,9,16,3,41,14
401,9,17,1,49,63
402,9,18,3,39,3
403,9,19,2,39,35
404,9,20,1,79,59
405,9,21,4,35,41
406,9,22,4,41,20
407,9,23,4,50,14
408,9,24,4,68,54
409,9,25,2,54,42
410,9,26,1,79,65
411,9,27,2,54,41
412,9,28,3,47,20
413,9,29,3,32,14
414,9,30,1,75,65
415,9,31,2,49,29
416,9,32,1,78,65
417,9,33,2,48,41
418,9,34,3,44,14
419,9,35,1,70,65
420,9,36,3,31,14
421,9,37,4,14,20
422,9,38,4,48,35
423,9,39,4,36,50
424,9,40,4,71,63
425,9,41,3,43,7
426,9,42,1,76,71
427,9,43,2,45,41
428,9,44,3,43,14
429,9,45,2,54,40
430,9,46,1,78,59
431,9,47,3,38,14
432,9,48,1,75,59
433,10,1,3,47,26
434,10,2,2,21,42
435,10,3,1,48,69
436,10,4,2,68,46
437,10,5,1,48,54
438,10,6,3,62,7
439,10,7,2,55,46
440,10,8,1,38,59
441,10,9,4,67,41
442,10,10,4,52,14
443,10,11,4,39,20
444,10,12,4,33,54
445,10,13,2,57,41
446,10,14,1,36,65
447,10,15,2,45,35
448,10,16,3,76,14
449,10,17,1,49,63
450,10,18,3,58,3
451,10,19,2,51,35
452,10,20,1,45,59
453,10,21,4,27,41
454,10,22,4,53,20
455,10,23,4,48,14
456,10,24,4,33,54
457,10,25,2,58,42
458,10,26,1,51,65
459,10,27,2,54,41
460,10,28,3,56,20
461,10,29,3,46,14
462,10,30,1,44,65
463,10,31,2,51,29
464,10,32,1,51,65
465,10,33,2,5,41
466,10,34,3,56,14
467,10,35,1,51,65
468,10,36,3,66,14
469,10,37,4,34,20
470,10,38,4,51,35
471,10,39,4,36,50
472,10,40,4,49,63
473,10,41,3,68,7
474,10,42,1,57,71
475,10,43,2,27,41
476,10,44,3,49,14
477,10,45,2,51,40
478,10,46,1,45,59
479,10,47,3,47,14
480,10,48,1,38,59
481,11,1,3,49,26
482,11,2,2,32,42
483,11,3,1,60,69
484,11,4,2,35,46
485,11,5,1,45,54
486,11,6,3,42,7
487,11,7,2,70,46
488,11,8,1,73,59
489,11,9,4,30,41
490,11,10,4,29,14
491,11,11,4,34,20
492,11,12,4,65,54
493,11,13,2,60,41
494,11,14,1,68,65
495,11,15,2,50,35
496,11,16,3,39,14
497,11,17,1,66,63
498,11,18,3,45,3
499,11,19,2,54,35
500,11,20,1,69,59
501,11,21,4,23,41
502,11,22,4,22,20
503,11,23,4,33,14
504,11,24,4,73,54
505,11,25,2,51,42
506,11,26,1,65,65
507,11,27,2,57,41
508,11,28,3,32,20
509,11,29,3,34,14
510,11,30,1,-5,65
511,11,31,2,62,29
512,11,32,1,73,65
513,11,33,2,61,41
514,11,34,3,39,14
515,11,35,1,74,65
516,11,36,3,39,14
517,11,37,4,27,20
518,11,38,4,59,35
519,11,39,4,11,50
520,11,40,4,69,63
521,11,41,3,42,7
522,11,42,1,0,71
523,11,43,2,54,41
524,11,44,3,34,14
525,11,45,2,51,40
526,11,46,1,75,59
527,11,47,3,33,14
528,11,48,1,76,59
529,12,1,3,-1,26
530,12,2,2,55,42
531,12,3,1,54,69
532,12,4,2,35,46
533,12,5,1,37,54
534,12,6,3,69,7
535,12,7,2,33,46
536,12,8,1,46,59
537,12,9,4,52,41
538,12,10,4,54,14
539,12,11,4,26,20
540,12,12,4,35,54
541,12,13,2,51,41
542,12,14,1,56,65
543,12,15,2,50,35
544,12,16,3,59,14
545,12,17,1,50,63
546,12,18,3,64,3
547,12,19,2,41,35
548,12,20,1,43,59
549,12,21,4,45,41
550,12,22,4,54,20
551,12,23,4,42,14
552,12,24,4,44,54
553,12,25,2,56,42
554,12,26,1,51,65
555,12,27,2,49,41
556,12,28,3,43,20
557,12,29,3,38,14
558,12,30,1,54,65
559,12,31,2,43,29
560,12,32,1,48,65
561,12,33,2,63,41
562,12,34,3,50,14
563,12,35,1,73,65
564,12,36,3,51,14
565,12,37,4,32,20
566,12,38,4,52,35
567,12,39,4,31,50
568,12,40,4,67,63
569,12,41,3,51,7
570,12,42,1,53,71
571,12,43,2,49,41
572,12,44,3,41,14
573,12,45,2,30,40
574,12,46,1,71,59
575,12,47,3,27,14
576,12,48,1,75,59
577,13,1,3,65,26
578,13,2,2,67,42
579,13,3,1,56,69
580,13,4,2,66,46
581,13,5,1,73,54
582,13,6,3,46,7
583,13,7,2,56,46
584,13,8,1,68,59
585,13,9,4,50,41
586,13,10,4,43,14
587,13,11,4,25,20
588,13,12,4,55,54
589,13,13,2,56,41
590,13,14,1,68,65
591,13,15,2,56,35
592,13,16,3,54,14
593,13,17,1,57,63
594,13,18,3,58,3
595,13,19,2,62,35
596,13,20,1,72,59
597,13,21,4,47,41
598,13,22,4,53,20
599,13,23,4,36,14
600,13,24,4,59,54
601,13,25,2,51,42
602,13,26,1,66,65
603,13,27,2,61,41
604,13,28,3,46,20
605,13,29,3,40,14
606,13,30,1,54,65
607,13,31,2,62,29
608,13,32,1,71,65
609,13,33,2,65,41
610,13,34,3,43,14
611,13,35,1,75,65
612,13,36,3,49,14
613,13,37,4,28,20
614,13,38,4,59,35
615,13,39,4,51,50
616,13,40,4,74,63
617,13,41,3,54,7
618,13,42,1,67,71
619,13,43,2,73,41
620,13,44,3,54,14
621,13,45,2,54,40
622,13,46,1,71,59
623,13,47,3,34,14
624,13,48,1,64,59
625,15,1,3,65,26
626,15,2,2,69,42
627,15,3,1,48,69
628,15,4,2,77,46
629,15,5,1,69,54
630,15,6,3,63,7
631,15,7,2,66,46
632,15,8,1,75,59
633,15,9,4,71,41
634,15,10,4,54,14
635,15,11,4,46,20
636,15,12,4,67,54
637,15,13,2,72,41
638,15,14,1,70,65
639,15,15,2,74,35
640,15,16,3,66,14
641,15,17,1,71,63
642,15,18,3,49,3
643,15,19,2,68,35
644,15,20,1,73,59
645,15,21,4,69,41
646,15,22,4,46,20
647,15,23,4,44,14
648,15,24,4,68,54
649,15,25,2,75,42
650,15,26,1,66,65
651,15,27,2,68,41
652,15,28,3,44,20
653,15,29,3,31,14
654,15,30,1,66,65
655,15,31,2,67,29
656,15,32,1,70,65
657,15,33,2,61,41
658,15,34,3,48,14
659,15,35,1,59,65
660,15,36,3,59,14
661,15,37,4,38,20
662,15,38,4,71,35
663,15,39,4,70,50
664,15,40,4,19,63
665,15,41,3,59,7
666,15,42,1,50,71
667,15,43,2,76,41
668,15,44,3,58,14
669,15,45,2,75,40
670,15,46,1,75,59
671,15,47,3,66,14
672,15,48,1,77,59
673,16,1,3,66,26
674,16,2,2,52,42
675,16,3,1,55,69
676,16,4,2,65,46
677,16,5,1,71,54
678,16,6,3,43,7
679,16,7,2,66,46
680,16,8,1,60,59
681,16,9,4,46,41
682,16,10,4,33,14
683,16,11,4,27,20
684,16,12,4,68,54
685,16,13,2,71,41
686,16,14,1,66,65
687,16,15,2,57,35
688,16,16,3,43,14
689,16,17,1,0,63
690,16,18,3,42,3
691,16,19,2,55,35
692,16,20,1,65,59
693,16,21,4,35,41
694,16,22,4,34,20
695,16,23,4,30,14
696,16,24,4,67,54
697,16,25,2,62,42
698,16,26,1,70,65
699,16,27,2,61,41
700,16,28,3,35,20
701,16,29,3,24,14
702,16,30,1,70,65
703,16,31,2,66,29
704,16,32,1,59,65
705,16,33,2,58,41
706,16,34,3,41,14
707,16,35,1,66,65
708,16,36,3,77,14
709,16,37,4,21,20
710,16,38,4,52,35
711,16,39,4,55,50
712,16,40,4,67,63
713,16,41,3,30,7
714,16,42,1,50,71
715,16,43,2,57,41
716,16,44,3,35,14
717,16,45,2,46,40
718,16,46,1,74,59
719,16,47,3,26,14
720,16,48,1,30,59
721,17,1,3,64,26
722,17,2,2,60,42
723,17,3,1,73,69
724,17,4,2,74,46
725,17,5,1,76,54
726,17,6,3,75,7
727,17,7,2,71,46
728,17,8,1,75,59
729,17,9,4,60,41
730,17,10,4,72,14
731,17,11,4,68,20
732,17,12,4,69,54
733,17,13,2,75,41
734,17,14,1,76,65
735,17,15,2,76,35
736,17,16,3,75,14
737,17,17,1,74,63
738,17,18,3,78,3
739,17,19,2,78,35
740,17,20,1,76,59
741,17,21,4,65,41
742,17,22,4,75,20
743,17,23,4,67,14
744,17,24,4,69,54
745,17,25,2,75,42
746,17,26,1,69,65
747,17,27,2,76,41
748,17,28,3,78,20
749,17,29,3,75,14
750,17,30,1,75,65
751,17,31,2,77,29
752,17,32,1,75,65
753,17,33,2,78,41
754,17,34,3,73,14
755,17,35,1,75,65
756,17,36,3,73,14
757,17,37,4,64,20
758,17,38,4,70,35
759,17,39,4,66,50
760,17,40,4,73,63
761,17,41,3,81,7
762,17,42,1,76,71
763,17,43,2,78,41
764,17,44,3,81,14
765,17,45,2,61,40
766,17,46,1,77,59
767,17,47,3,72,14
768,17,48,1,78,59
769,18,1,3,64,26
770,18,2,2,73,42
771,18,3,1,48,69
772,18,4,2,62,46
773,18,5,1,78,54
774,18,6,3,46,7
775,18,7,2,64,46
776,18,8,1,72,59
777,18,9,4,20,41
778,18,10,4,28,14
779,18,11,4,38,20
780,18,12,4,48,54
781,18,13,2,64,41
782,18,14,1,74,65
783,18,15,2,66,35
784,18,16,3,51,14
785,18,17,1,77,63
786,18,18,3,42,3
787,18,19,2,63,35
788,18,20,1,78,59
789,18,21,4,47,41
790,18,22,4,6,20
791,18,23,4,30,14
792,18,24,4,71,54
793,18,25,2,59,42
794,18,26,1,71,65
795,18,27,2,58,41
796,18,28,3,46,20
797,18,29,3,34,14
798,18,30,1,70,65
799,18,31,2,53,29
800,18,32,1,66,65
801,18,33,2,57,41
802,18,34,3,40,14
803,18,35,1,70,65
804,18,36,3,41,14
805,18,37,4,30,20
806,18,38,4,57,35
807,18,39,4,0,50
808,18,40,4,68,63
809,18,41,3,38,7
810,18,42,1,65,71
811,18,43,2,61,41
812,18,44,3,38,14
813,18,45,2,59,40
814,18,46,1,70,59
815,18,47,3,28,14
816,18,48,1,68,59
817,19,1,3,37,26
818,19,2,2,6,42
819,19,3,1,48,69
820,19,4,2,57,46
821,19,5,1,78,54
822,19,6,3,30,7
823,19,7,2,54,46
824,19,8,1,45,59
825,19,9,4,0,41
826,19,10,4,0,14
827,19,11,4,0,20
828,19,12,4,0,54
829,19,13,2,51,41
830,19,14,1,51,65
831,19,15,2,52,35
832,19,16,3,30,14
833,19,17,1,57,63
834,19,18,3,39,3
835,19,19,2,55,35
836,19,20,1,53,59
837,19,21,4,0,41
838,19,22,4,0,20
839,19,23,4,19,14
840,19,24,4,63,54
841,19,25,2,52,42
842,19,26,1,51,65
843,19,27,2,59,41
844,19,28,3,38,20
845,19,29,3,32,14
846,19,30,1,29,65
847,19,31,2,60,29
848,19,32,1,66,65
849,19,33,2,53,41
850,19,34,3,39,14
851,19,35,1,66,65
852,19,36,3,38,14
853,19,37,4,25,20
854,19,38,4,50,35
855,19,39,4,36,50
856,19,40,4,68,63
857,19,41,3,41,7
858,19,42,1,57,71
859,19,43,2,58,41
860,19,44,3,41,14
861,19,45,2,51,40
862,19,46,1,71,59
863,19,47,3,26,14
864,19,48,1,69,59
865,20,1,3,76,26
866,20,2,2,76,42
867,20,3,1,55,69
868,20,4,2,77,46
869,20,5,1,63,54
870,20,6,3,66,7
871,20,7,2,75,46
872,20,8,1,38,59
873,20,9,4,67,41
874,20,10,4,55,14
875,20,11,4,43,20
876,20,12,4,63,54
877,20,13,2,56,41
878,20,14,1,69,65
879,20,15,2,69,35
880,20,16,3,75,14
881,20,17,1,57,63
882,20,18,3,73,3
883,20,19,2,70,35
884,20,20,1,65,59
885,20,21,4,46,41
886,20,22,4,69,20
887,20,23,4,61,14
888,20,24,4,62,54
889,20,25,2,65,42
890,20,26,1,69,65
891,20,27,2,76,41
892,20,28,3,76,20
893,20,29,3,71,14
894,20,30,1,36,65
895,20,31,2,76,29
896,20,32,1,69,65
897,20,33,2,76,41
898,20,34,3,79,14
899,20,35,1,76,65
900,20,36,3,75,14
901,20,37,4,50,20
902,20,38,4,58,35
903,20,39,4,44,50
904,20,40,4,72,63
905,20,41,3,73,7
906,20,42,1,57,71
907,20,43,2,69,41
908,20,44,3,65,14
909,20,45,2,67,40
910,20,46,1,78,59
911,20,47,3,56,14
912,20,48,1,75,59
913,21,1,3,55,26
914,21,2,2,52,42
915,21,3,1,48,69
916,21,4,2,0,46
917,21,5,1,55,54
918,21,6,3,42,7
919,21,7,2,72,46
920,21,8,1,66,59
921,21,9,4,35,41
922,21,10,4,66,14
923,21,11,4,68,20
924,21,12,4,0,54
925,21,13,2,72,41
926,21,14,1,71,65
927,21,15,2,57,35
928,21,16,3,75,14
929,21,17,1,73,63
930,21,18,3,77,3
931,21,19,2,51,35
932,21,20,1,67,59
933,21,21,4,0,41
934,21,22,4,25,20
935,21,23,4,37,14
936,21,24,4,59,54
937,21,25,2,52,42
938,21,26,1,36,65
939,21,27,2,56,41
940,21,28,3,43,20
941,21,29,3,23,14
942,21,30,1,71,65
943,21,31,2,50,29
944,21,32,1,71,65
945,21,33,2,45,41
946,21,34,3,53,14
947,21,35,1,74,65
948,21,36,3,47,14
949,21,37,4,31,20
950,21,38,4,55,35
951,21,39,4,36,50
952,21,40,4,69,63
953,21,41,3,57,7
954,21,42,1,77,71
955,21,43,2,66,41
956,21,44,3,53,14
957,21,45,2,48,40
958,21,46,1,69,59
959,21,47,3,33,14
960,21,48,1,76,59
961,1,49,4,53,35
962,1,50,4,51,65
963,1,51,4,32,7
964,1,52,4,48,42
965,1,53,1,63,69
966,1,54,3,38,14
967,1,55,2,32,46
968,1,56,1,69,65
969,1,57,2,53,41
970,1,58,3,37,28
971,1,59,1,44,65
972,1,60,3,37,14
973,1,61,3,39,20
974,1,62,1,65,71
975,1,63,2,55,41
976,1,64,3,35,20
977,1,65,4,55,69
978,1,66,4,55,44
979,1,67,4,14,28
980,1,68,4,52,33
981,1,69,1,72,63
982,1,70,3,42,22
983,1,71,2,53,39
984,1,72,1,68,57
985,1,73,3,28,15
986,1,74,1,27,63
987,1,75,2,58,33
988,1,76,1,63,52
989,1,77,2,52,42
990,1,78,3,30,9
991,1,79,2,70,30
992,1,80,3,33,9
993,1,81,1,68,52
994,1,82,1,55,69
995,1,83,3,22,15
996,1,84,2,59,33
997,1,85,2,40,39
998,1,86,3,65,15
999,1,87,1,49,63
1000,1,88,2,57,39
1001,1,89,4,29,15
1002,1,90,4,63,57
1003,1,91,4,69,57
1004,1,92,4,16,22
1005,1,93,2,55,39
1006,1,94,2,59,39
1007,1,95,1,67,63
1008,1,96,3,39,22
1009,2,49,4,72,35
1010,2,50,4,71,65
1011,2,51,4,48,7
1012,2,52,4,28,42
1013,2,53,1,63,69
1014,2,54,3,44,14
1015,2,55,2,56,46
1016,2,56,1,71,65
1017,2,57,2,58,41
1018,2,58,3,34,28
1019,2,59,1,74,65
1020,2,60,3,36,14
1021,2,61,3,48,20
1022,2,62,1,65,71
1023,2,63,2,65,41
1024,2,64,3,52,20
1025,2,65,4,75,69
1026,2,66,4,59,44
1027,2,67,4,42,28
1028,2,68,4,57,33
1029,2,69,1,77,63
1030,2,70,3,44,22
1031,2,71,2,53,39
1032,2,72,1,75,57
1033,2,73,3,36,15
1034,2,74,1,71,63
1035,2,75,2,55,33
1036,2,76,1,74,52
1037,2,77,2,55,42
1038,2,78,3,67,9
1039,2,79,2,49,30
1040,2,80,3,41,9
1041,2,81,1,75,52
1042,2,82,1,63,69
1043,2,83,3,38,15
1044,2,84,2,53,33
1045,2,85,2,48,39
1046,2,86,3,39,15
1047,2,87,1,73,63
1048,2,88,2,54,39
1049,2,89,4,71,15
1050,2,90,4,71,57
1051,2,91,4,66,57
1052,2,92,4,34,22
1053,2,93,2,58,39
1054,2,94,2,50,39
1055,2,95,1,73,63
1056,2,96,3,37,22
1057,3,49,4,21,35
1058,3,50,4,36,65
1059,3,51,4,20,7
1060,3,52,4,48,42
1061,3,53,1,63,69
1062,3,54,3,33,14
1063,3,55,2,40,46
1064,3,56,1,74,65
1065,3,57,2,48,41
1066,3,58,3,14,28
1067,3,59,1,73,65
1068,3,60,3,27,14
1069,3,61,3,35,20
1070,3,62,1,72,71
1071,3,63,2,51,41
1072,3,64,3,39,20
1073,3,65,4,74,69
1074,3,66,4,52,44
1075,3,67,4,22,28
1076,3,68,4,49,33
1077,3,69,1,72,63
1078,3,70,3,35,22
1079,3,71,2,48,39
1080,3,72,1,72,57
1081,3,73,3,30,15
1082,3,74,1,71,63
1083,3,75,2,48,33
1084,3,76,1,68,52
1085,3,77,2,46,42
1086,3,78,3,40,9
1087,3,79,2,48,30
1088,3,80,3,39,9
1089,3,81,1,68,52
1090,3,82,1,55,69
1091,3,83,3,30,15
1092,3,84,2,44,33
1093,3,85,2,43,39
1094,3,86,3,24,15
1095,3,87,1,69,63
1096,3,88,2,43,39
1097,3,89,4,30,15
1098,3,90,4,67,57
1099,3,91,4,68,57
1100,3,92,4,28,22
1101,3,93,2,46,39
1102,3,94,2,44,39
1103,3,95,1,69,63
1104,3,96,3,36,22
1105,4,49,4,0,35
1106,4,50,4,51,65
1107,4,51,4,25,7
1108,4,52,4,28,42
1109,4,53,1,70,69
1110,4,54,3,34,14
1111,4,55,2,54,46
1112,4,56,1,74,65
1113,4,57,2,57,41
1114,4,58,3,22,28
1115,4,59,1,72,65
1116,4,60,3,33,14
1117,4,61,3,41,20
1118,4,62,1,72,71
1119,4,63,2,59,41
1120,4,64,3,37,20
1121,4,65,4,63,69
1122,4,66,4,54,44
1123,4,67,4,0,28
1124,4,68,4,56,33
1125,4,69,1,75,63
1126,4,70,3,40,22
1127,4,71,2,54,39
1128,4,72,1,72,57
1129,4,73,3,28,15
1130,4,74,1,70,63
1131,4,75,2,55,33
1132,4,76,1,71,52
1133,4,77,2,53,42
1134,4,78,3,31,9
1135,4,79,2,54,30
1136,4,80,3,41,9
1137,4,81,1,69,52
1138,4,82,1,55,69
1139,4,83,3,26,15
1140,4,84,2,52,33
1141,4,85,2,48,39
1142,4,86,3,30,15
1143,4,87,1,64,63
1144,4,88,2,50,39
1145,4,89,4,25,15
1146,4,90,4,68,57
1147,4,91,4,68,57
1148,4,92,4,23,22
1149,4,93,2,55,39
1150,4,94,2,60,39
1151,4,95,1,69,63
1152,4,96,3,38,22
1153,5,49,4,0,35
1154,5,50,4,0,65
1155,5,51,4,0,7
1156,5,52,4,43,42
1157,5,53,1,73,69
1158,5,54,3,23,14
1159,5,55,2,52,46
1160,5,56,1,76,65
1161,5,57,2,50,41
1162,5,58,3,0,28
1163,5,59,1,78,65
1164,5,60,3,31,14
1165,5,61,3,41,20
1166,5,62,1,65,71
1167,5,63,2,51,41
1168,5,64,3,34,20
1169,5,65,4,18,69
1170,5,66,4,49,44
1171,5,67,4,32,28
1172,5,68,4,51,33
1173,5,69,1,74,63
1174,5,70,3,44,22
1175,5,71,2,57,39
1176,5,72,1,68,57
1177,5,73,3,38,15
1178,5,74,1,74,63
1179,5,75,2,47,33
1180,5,76,1,71,52
1181,5,77,2,48,42
1182,5,78,3,37,9
1183,5,79,2,45,30
1184,5,80,3,36,9
1185,5,81,1,71,52
1186,5,82,1,55,69
1187,5,83,3,33,15
1188,5,84,2,48,33
1189,5,85,2,50,39
1190,5,86,3,37,15
1191,5,87,1,74,63
1192,5,88,2,40,39
1193,5,89,4,26,15
1194,5,90,4,68,57
1195,5,91,4,67,57
1196,5,92,4,0,22
1197,5,93,2,46,39
1198,5,94,2,47,39
1199,5,95,1,69,63
1200,5,96,3,44,22
1201,6,49,4,21,35
1202,6,50,4,51,65
1203,6,51,4,33,7
1204,6,52,4,6,42
1205,6,53,1,74,69
1206,6,54,3,40,14
1207,6,55,2,40,46
1208,6,56,1,75,65
1209,6,57,2,60,41
1210,6,58,3,40,28
1211,6,59,1,71,65
1212,6,60,3,33,14
1213,6,61,3,43,20
1214,6,62,1,72,71
1215,6,63,2,50,41
1216,6,64,3,41,20
1217,6,65,4,48,69
1218,6,66,4,45,44
1219,6,67,4,37,28
1220,6,68,4,61,33
1221,6,69,1,76,63
1222,6,70,3,53,22
1223,6,71,2,50,39
1224,6,72,1,72,57
1225,6,73,3,24,15
1226,6,74,1,71,63
1227,6,75,2,42,33
1228,6,76,1,75,52
1229,6,77,2,51,42
1230,6,78,3,59,9
1231,6,79,2,47,30
1232,6,80,3,38,9
1233,6,81,1,74,52
1234,6,82,1,55,69
1235,6,83,3,29,15
1236,6,84,2,46,33
1237,6,85,2,47,39
1238,6,86,3,28,15
1239,6,87,1,74,63
1240,6,88,2,45,39
1241,6,89,4,28,15
1242,6,90,4,69,57
1243,6,91,4,68,57
1244,6,92,4,34,22
1245,6,93,2,48,39
1246,6,94,2,49,39
1247,6,95,1,75,63
1248,6,96,3,44,22
1249,7,49,4,44,35
1250,7,50,4,44,65
1251,7,51,4,50,7
1252,7,52,4,28,42
1253,7,53,1,73,69
1254,7,54,3,50,14
1255,7,55,2,57,46
1256,7,56,1,74,65
1257,7,57,2,49,41
1258,7,58,3,46,28
1259,7,59,1,73,65
1260,7,60,3,48,14
1261,7,61,3,50,20
1262,7,62,1,57,71
1263,7,63,2,59,41
1264,7,64,3,47,20
1265,7,65,4,70,69
1266,7,66,4,64,44
1267,7,67,4,0,28
1268,7,68,4,76,33
1269,7,69,1,76,63
1270,7,70,3,45,22
1271,7,71,2,63,39
1272,7,72,1,75,57
1273,7,73,3,37,15
1274,7,74,1,75,63
1275,7,75,2,60,33
1276,7,76,1,73,52
1277,7,77,2,59,42
1278,7,78,3,48,9
1279,7,79,2,63,30
1280,7,80,3,50,9
1281,7,81,1,75,52
1282,7,82,1,55,69
1283,7,83,3,41,15
1284,7,84,2,62,33
1285,7,85,2,54,39
1286,7,86,3,38,15
1287,7,87,1,75,63
1288,7,88,2,52,39
1289,7,89,4,27,15
1290,7,90,4,70,57
1291,7,91,4,67,57
1292,7,92,4,39,22
1293,7,93,2,61,39
1294,7,94,2,64,39
1295,7,95,1,74,63
1296,7,96,3,44,22
1297,8,49,4,45,35
1298,8,50,4,66,65
1299,8,51,4,19,7
1300,8,52,4,28,42
1301,8,53,1,74,69
1302,8,54,3,37,14
1303,8,55,2,51,46
1304,8,56,1,76,65
1305,8,57,2,27,41
1306,8,58,3,34,28
1307,8,59,1,77,65
1308,8,60,3,47,14
1309,8,61,3,38,20
1310,8,62,1,57,71
1311,8,63,2,58,41
1312,8,64,3,34,20
1313,8,65,4,74,69
1314,8,66,4,49,44
1315,8,67,4,22,28
1316,8,68,4,53,33
1317,8,69,1,73,63
1318,8,70,3,43,22
1319,8,71,2,52,39
1320,8,72,1,76,57
1321,8,73,3,34,15
1322,8,74,1,70,63
1323,8,75,2,56,33
1324,8,76,1,69,52
1325,8,77,2,58,42
1326,8,78,3,40,9
1327,8,79,2,55,30
1328,8,80,3,44,9
1329,8,81,1,66,52
1330,8,82,1,55,69
1331,8,83,3,27,15
1332,8,84,2,51,33
1333,8,85,2,45,39
1334,8,86,3,22,15
1335,8,87,1,72,63
1336,8,88,2,51,39
1337,8,89,4,24,15
1338,8,90,4,68,57
1339,8,91,4,64,57
1340,8,92,4,23,22
1341,8,93,2,53,39
1342,8,94,2,53,39
1343,8,95,1,69,63
1344,8,96,3,37,22
1345,9,49,4,21,35
1346,9,50,4,29,65
1347,9,51,4,17,7
1348,9,52,4,50,42
1349,9,53,1,78,69
1350,9,54,3,47,14
1351,9,55,2,25,46
1352,9,56,1,51,65
1353,9,57,2,46,41
1354,9,58,3,46,28
1355,9,59,1,51,65
1356,9,60,3,56,14
1357,9,61,3,66,20
1358,9,62,1,42,71
1359,9,63,2,50,41
1360,9,64,3,61,20
1361,9,65,4,48,69
1362,9,66,4,73,44
1363,9,67,4,72,28
1364,9,68,4,44,33
1365,9,69,1,79,63
1366,9,70,3,65,22
1367,9,71,2,46,39
1368,9,72,1,79,57
1369,9,73,3,55,15
1370,9,74,1,69,63
1371,9,75,2,48,33
1372,9,76,1,72,52
1373,9,77,2,50,42
1374,9,78,3,78,9
1375,9,79,2,45,30
1376,9,80,3,51,9
1377,9,81,1,72,52
1378,9,82,1,79,69
1379,9,83,3,49,15
1380,9,84,2,46,33
1381,9,85,2,46,39
1382,9,86,3,44,15
1383,9,87,1,49,63
1384,9,88,2,45,39
1385,9,89,4,36,15
1386,9,90,4,76,57
1387,9,91,4,69,57
1388,9,92,4,53,22
1389,9,93,2,48,39
1390,9,94,2,73,39
1391,9,95,1,57,63
1392,9,96,3,46,22
1393,10,49,4,48,35
1394,10,50,4,51,65
1395,10,51,4,51,7
1396,10,52,4,43,42
1397,10,53,1,55,69
1398,10,54,3,60,14
1399,10,55,2,17,46
1400,10,56,1,51,65
1401,10,57,2,52,41
1402,10,58,3,53,28
1403,10,59,1,44,65
1404,10,60,3,53,14
1405,10,61,3,58,20
1406,10,62,1,0,71
1407,10,63,2,48,41
1408,10,64,3,69,20
1409,10,65,4,48,69
1410,10,66,4,8,44
1411,10,67,4,43,28
1412,10,68,4,44,33
1413,10,69,1,42,63
1414,10,70,3,74,22
1415,10,71,2,55,39
1416,10,72,1,43,57
1417,10,73,3,61,15
1418,10,74,1,49,63
1419,10,75,2,54,33
1420,10,76,1,38,52
1421,10,77,2,52,42
1422,10,78,3,69,9
1423,10,79,2,45,30
1424,10,80,3,56,9
1425,10,81,1,38,52
1426,10,82,1,55,69
1427,10,83,3,53,15
1428,10,84,2,61,33
1429,10,85,2,47,39
1430,10,86,3,71,15
1431,10,87,1,19,63
1432,10,88,2,50,39
1433,10,89,4,51,15
1434,10,90,4,43,57
1435,10,91,4,0,57
1436,10,92,4,58,22
1437,10,93,2,58,39
1438,10,94,2,61,39
1439,10,95,1,12,63
1440,10,96,3,60,22
1441,11,49,4,5,35
1442,11,50,4,47,65
1443,11,51,4,28,7
1444,11,52,4,31,42
1445,11,53,1,69,69
1446,11,54,3,35,14
1447,11,55,2,55,46
1448,11,56,1,74,65
1449,11,57,2,57,41
1450,11,58,3,18,28
1451,11,59,1,75,65
1452,11,60,3,34,14
1453,11,61,3,44,20
1454,11,62,1,68,71
1455,11,63,2,60,41
1456,11,64,3,37,20
1457,11,65,4,62,69
1458,11,66,4,53,44
1459,11,67,4,0,28
1460,11,68,4,58,33
1461,11,69,1,75,63
1462,11,70,3,39,22
1463,11,71,2,49,39
1464,11,72,1,72,57
1465,11,73,3,30,15
1466,11,74,1,65,63
1467,11,75,2,52,33
1468,11,76,1,71,52
1469,11,77,2,55,42
1470,11,78,3,28,9
1471,11,79,2,50,30
1472,11,80,3,39,9
1473,11,81,1,69,52
1474,11,82,1,53,69
1475,11,83,3,22,15
1476,11,84,2,57,33
1477,11,85,2,48,39
1478,11,86,3,30,15
1479,11,87,1,65,63
1480,11,88,2,54,39
1481,11,89,4,20,15
1482,11,90,4,69,57
1483,11,91,4,71,57
1484,11,92,4,19,22
1485,11,93,2,60,39
1486,11,94,2,63,39
1487,11,95,1,74,63
1488,11,96,3,39,22
1489,12,49,4,51,35
1490,12,50,4,54,65
1491,12,51,4,31,7
1492,12,52,4,46,42
1493,12,53,1,63,69
1494,12,54,3,32,14
1495,12,55,2,30,46
1496,12,56,1,65,65
1497,12,57,2,58,41
1498,12,58,3,37,28
1499,12,59,1,42,65
1500,12,60,3,39,14
1501,12,61,3,39,20
1502,12,62,1,66,71
1503,12,63,2,60,41
1504,12,64,3,37,20
1505,12,65,4,54,69
1506,12,66,4,57,44
1507,12,67,4,9,28
1508,12,68,4,56,33
1509,12,69,1,71,63
1510,12,70,3,42,22
1511,12,71,2,53,39
1512,12,72,1,67,57
1513,12,73,3,28,15
1514,12,74,1,23,63
1515,12,75,2,59,33
1516,12,76,1,63,52
1517,12,77,2,53,42
1518,12,78,3,35,9
1519,12,79,2,65,30
1520,12,80,3,34,9
1521,12,81,1,70,52
1522,12,82,1,57,69
1523,12,83,3,20,15
1524,12,84,2,60,33
1525,12,85,2,35,39
1526,12,86,3,68,15
1527,12,87,1,53,63
1528,12,88,2,59,39
1529,12,89,4,31,15
1530,12,90,4,58,57
1531,12,91,4,67,57
1532,12,92,4,13,22
1533,12,93,2,60,39
1534,12,94,2,63,39
1535,12,95,1,67,63
1536,12,96,3,39,22
1537,13,49,4,42,35
1538,13,50,4,49,65
1539,13,51,4,53,7
1540,13,52,4,32,42
1541,13,53,1,73,69
1542,13,54,3,51,14
1543,13,55,2,52,46
1544,13,56,1,74,65
1545,13,57,2,44,41
1546,13,58,3,47,28
1547,13,59,1,73,65
1548,13,60,3,52,14
1549,13,61,3,49,20
1550,13,62,1,58,71
1551,13,63,2,64,41
1552,13,64,3,50,20
1553,13,65,4,72,69
1554,13,66,4,61,44
1555,13,67,4,1,28
1556,13,68,4,76,33
1557,13,69,1,76,63
1558,13,70,3,47,22
1559,13,71,2,58,39
1560,13,72,1,75,57
1561,13,73,3,38,15
1562,13,74,1,75,63
1563,13,75,2,63,33
1564,13,76,1,73,52
1565,13,77,2,58,42
1566,13,78,3,49,9
1567,13,79,2,65,30
1568,13,80,3,48,9
1569,13,81,1,75,52
1570,13,82,1,60,69
1571,13,83,3,36,15
1572,13,84,2,65,33
1573,13,85,2,50,39
1574,13,86,3,43,15
1575,13,87,1,75,63
1576,13,88,2,57,39
1577,13,89,4,28,15
1578,13,90,4,67,57
1579,13,91,4,71,57
1580,13,92,4,44,22
1581,13,93,2,63,39
1582,13,94,2,65,39
1583,13,95,1,74,63
1584,13,96,3,44,22
1585,15,49,4,71,35
1586,15,50,4,69,65
1587,15,51,4,72,7
1588,15,52,4,64,42
1589,15,53,1,70,69
1590,15,54,3,55,14
1591,15,55,2,67,46
1592,15,56,1,72,65
1593,15,57,2,71,41
1594,15,58,3,50,28
1595,15,59,1,66,65
1596,15,60,3,46,14
1597,15,61,3,55,20
1598,15,62,1,65,71
1599,15,63,2,71,41
1600,15,64,3,75,20
1601,15,65,4,48,69
1602,15,66,4,67,44
1603,15,67,4,55,28
1604,15,68,4,59,33
1605,15,69,1,73,63
1606,15,70,3,49,22
1607,15,71,2,70,39
1608,15,72,1,73,57
1609,15,73,3,41,15
1610,15,74,1,68,63
1611,15,75,2,72,33
1612,15,76,1,66,52
1613,15,77,2,65,42
1614,15,78,3,80,9
1615,15,79,2,66,30
1616,15,80,3,46,9
1617,15,81,1,70,52
1618,15,82,1,63,69
1619,15,83,3,44,15
1620,15,84,2,71,33
1621,15,85,2,61,39
1622,15,86,3,41,15
1623,15,87,1,68,63
1624,15,88,2,63,39
1625,15,89,4,50,15
1626,15,90,4,69,57
1627,15,91,4,68,57
1628,15,92,4,48,22
1629,15,93,2,63,39
1630,15,94,2,68,39
1631,15,95,1,57,63
1632,15,96,3,51,22
1633,16,49,4,41,35
1634,16,50,4,36,65
1635,16,51,4,52,7
1636,16,52,4,47,42
1637,16,53,1,63,69
1638,16,54,3,38,14
1639,16,55,2,52,46
1640,16,56,1,66,65
1641,16,57,2,56,41
1642,16,58,3,7,28
1643,16,59,1,44,65
1644,16,60,3,26,14
1645,16,61,3,29,20
1646,16,62,1,57,71
1647,16,63,2,72,41
1648,16,64,3,15,20
1649,16,65,4,55,69
1650,16,66,4,63,44
1651,16,67,4,67,28
1652,16,68,4,50,33
1653,16,69,1,67,63
1654,16,70,3,37,22
1655,16,71,2,52,39
1656,16,72,1,67,57
1657,16,73,3,29,15
1658,16,74,1,64,63
1659,16,75,2,50,33
1660,16,76,1,73,52
1661,16,77,2,52,42
1662,16,78,3,38,9
1663,16,79,2,47,30
1664,16,80,3,33,9
1665,16,81,1,71,52
1666,16,82,1,55,69
1667,16,83,3,29,15
1668,16,84,2,54,33
1669,16,85,2,63,39
1670,16,86,3,28,15
1671,16,87,1,73,63
1672,16,88,2,58,39
1673,16,89,4,23,15
1674,16,90,4,64,57
1675,16,91,4,65,57
1676,16,92,4,28,22
1677,16,93,2,60,39
1678,16,94,2,56,39
1679,16,95,1,69,63
1680,16,96,3,10,22
1681,17,49,4,69,35
1682,17,50,4,51,65
1683,17,51,4,72,7
1684,17,52,4,65,42
1685,17,53,1,77,69
1686,17,54,3,63,14
1687,17,55,2,66,46
1688,17,56,1,78,65
1689,17,57,2,53,41
1690,17,58,3,64,28
1691,17,59,1,79,65
1692,17,60,3,62,14
1693,17,61,3,80,20
1694,17,62,1,79,71
1695,17,63,2,54,41
1696,17,64,3,59,20
1697,17,65,4,79,69
1698,17,66,4,30,44
1699,17,67,4,36,28
1700,17,68,4,46,33
1701,17,69,1,79,63
1702,17,70,3,64,22
1703,17,71,2,50,39
1704,17,72,1,76,57
1705,17,73,3,63,15
1706,17,74,1,79,63
1707,17,75,2,65,33
1708,17,76,1,77,52
1709,17,77,2,67,42
1710,17,78,3,48,9
1711,17,79,2,51,30
1712,17,80,3,42,9
1713,17,81,1,79,52
1714,17,82,1,75,69
1715,17,83,3,55,15
1716,17,84,2,61,33
1717,17,85,2,66,39
1718,17,86,3,39,15
1719,17,87,1,77,63
1720,17,88,2,61,39
1721,17,89,4,26,15
1722,17,90,4,78,57
1723,17,91,4,76,57
1724,17,92,4,28,22
1725,17,93,2,62,39
1726,17,94,2,59,39
1727,17,95,1,76,63
1728,17,96,3,50,22
1729,18,49,4,0,35
1730,18,50,4,0,65
1731,18,51,4,22,7
1732,18,52,4,43,42
1733,18,53,1,74,69
1734,18,54,3,38,14
1735,18,55,2,60,46
1736,18,56,1,72,65
1737,18,57,2,62,41
1738,18,58,3,22,28
1739,18,59,1,74,65
1740,18,60,3,39,14
1741,18,61,3,41,20
1742,18,62,1,75,71
1743,18,63,2,66,41
1744,18,64,3,41,20
1745,18,65,4,0,69
1746,18,66,4,50,44
1747,18,67,4,33,28
1748,18,68,4,58,33
1749,18,69,1,77,63
1750,18,70,3,43,22
1751,18,71,2,61,39
1752,18,72,1,74,57
1753,18,73,3,35,15
1754,18,74,1,74,63
1755,18,75,2,61,33
1756,18,76,1,72,52
1757,18,77,2,60,42
1758,18,78,3,38,9
1759,18,79,2,56,30
1760,18,80,3,39,9
1761,18,81,1,68,52
1762,18,82,1,55,69
1763,18,83,3,37,15
1764,18,84,2,59,33
1765,18,85,2,46,39
1766,18,86,3,32,15
1767,18,87,1,75,63
1768,18,88,2,58,39
1769,18,89,4,32,15
1770,18,90,4,72,57
1771,18,91,4,36,57
1772,18,92,4,79,22
1773,18,93,2,59,39
1774,18,94,2,58,39
1775,18,95,1,72,63
1776,18,96,3,43,22
1777,19,49,4,0,35
1778,19,50,4,0,65
1779,19,51,4,30,7
1780,19,52,4,28,42
1781,19,53,1,77,69
1782,19,54,3,36,14
1783,19,55,2,32,46
1784,19,56,1,78,65
1785,19,57,2,52,41
1786,19,58,3,14,28
1787,19,59,1,74,65
1788,19,60,3,31,14
1789,19,61,3,38,20
1790,19,62,1,76,71
1791,19,63,2,51,41
1792,19,64,3,40,20
1793,19,65,4,55,69
1794,19,66,4,54,44
1795,19,67,4,32,28
1796,19,68,4,53,33
1797,19,69,1,76,63
1798,19,70,3,43,22
1799,19,71,2,48,39
1800,19,72,1,69,57
1801,19,73,3,30,15
1802,19,74,1,71,63
1803,19,75,2,52,33
1804,19,76,1,69,52
1805,19,77,2,49,42
1806,19,78,3,37,9
1807,19,79,2,52,30
1808,19,80,3,33,9
1809,19,81,1,69,52
1810,19,82,1,55,69
1811,19,83,3,30,15
1812,19,84,2,51,33
1813,19,85,2,47,39
1814,19,86,3,27,15
1815,19,87,1,70,63
1816,19,88,2,47,39
1817,19,89,4,22,15
1818,19,90,4,67,57
1819,19,91,4,69,57
1820,19,92,4,30,22
1821,19,93,2,44,39
1822,19,94,2,50,39
1823,19,95,1,64,63
1824,19,96,3,36,22
1825,20,49,4,55,35
1826,20,50,4,72,65
1827,20,51,4,46,7
1828,20,52,4,54,42
1829,20,53,1,48,69
1830,20,54,3,77,14
1831,20,55,2,59,46
1832,20,56,1,78,65
1833,20,57,2,27,41
1834,20,58,3,67,28
1835,20,59,1,73,65
1836,20,60,3,67,14
1837,20,61,3,78,20
1838,20,62,1,77,71
1839,20,63,2,66,41
1840,20,64,3,78,20
1841,20,65,4,74,69
1842,20,66,4,30,44
1843,20,67,4,65,28
1844,20,68,4,69,33
1845,20,69,1,78,63
1846,20,70,3,78,22
1847,20,71,2,70,39
1848,20,72,1,75,57
1849,20,73,3,72,15
1850,20,74,1,71,63
1851,20,75,2,65,33
1852,20,76,1,77,52
1853,20,77,2,59,42
1854,20,78,3,73,9
1855,20,79,2,66,30
1856,20,80,3,69,9
1857,20,81,1,77,52
1858,20,82,1,75,69
1859,20,83,3,69,15
1860,20,84,2,61,33
1861,20,85,2,62,39
1862,20,86,3,60,15
1863,20,87,1,78,63
1864,20,88,2,55,39
1865,20,89,4,57,15
1866,20,90,4,77,57
1867,20,91,4,71,57
1868,20,92,4,61,22
1869,20,93,2,62,39
1870,20,94,2,69,39
1871,20,95,1,78,63
1872,20,96,3,73,22
1873,21,49,4,0,35
1874,21,50,4,0,65
1875,21,51,4,29,7
1876,21,52,4,36,42
1877,21,53,1,78,69
1878,21,54,3,55,14
1879,21,55,2,0,46
1880,21,56,1,77,65
1881,21,57,2,54,41
1882,21,58,3,41,28
1883,21,59,1,77,65
1884,21,60,3,42,14
1885,21,61,3,49,20
1886,21,62,1,77,71
1887,21,63,2,49,41
1888,21,64,3,44,20
1889,21,65,4,73,69
1890,21,66,4,30,44
1891,21,67,4,40,28
1892,21,68,4,44,33
1893,21,69,1,78,63
1894,21,70,3,45,22
1895,21,71,2,50,39
1896,21,72,1,79,57
1897,21,73,3,33,15
1898,21,74,1,74,63
1899,21,75,2,47,33
1900,21,76,1,71,52
1901,21,77,2,57,42
1902,21,78,3,51,9
1903,21,79,2,49,30
1904,21,80,3,42,9
1905,21,81,1,74,52
1906,21,82,1,0,69
1907,21,83,3,38,15
1908,21,84,2,48,33
1909,21,85,2,43,39
1910,21,86,3,29,15
1911,21,87,1,70,63
1912,21,88,2,52,39
1913,21,89,4,28,15
1914,21,90,4,66,57
1915,21,91,4,68,57
1916,21,92,4,29,22
1917,21,93,2,62,39
1918,21,94,2,54,39
1919,21,95,1,78,63
1920,21,96,3,52,22